<?xml version="1.0" encoding="UTF-8"?>
<gpx version="1.1" creator="Tankbag" xmlns="http://www.topografix.com/GPX/1/1">
  <metadata>
    <name>Coast run (tour source)</name>
    <desc>The guided tour’s demo ride. Built by utils/build-tour-ride.ts; do not edit by hand.</desc>
  </metadata>
  <wpt lat="37.7955" lon="-122.279">
    <name>START - Oakland</name>
    <type>start</type>
  </wpt>
  <wpt lat="37.3873" lon="-122.2572">
    <name>COFFEE - Alice’s Restaurant</name>
    <type>coffee</type>
  </wpt>
  <wpt lat="37.2555" lon="-122.3836">
    <name>FOOD - Pescadero</name>
    <type>food</type>
  </wpt>
  <wpt lat="36.9741" lon="-122.0308">
    <name>FINISH - Santa Cruz</name>
    <type>finish</type>
  </wpt>
  <wpt lat="37.2555" lon="-122.3836">
    <name>START - Pescadero</name>
    <type>start</type>
  </wpt>
  <wpt lat="36.9741" lon="-122.0308">
    <name>FINISH - Santa Cruz</name>
    <type>finish</type>
  </wpt>
  <wpt lat="37.3382" lon="-121.8863">
    <name>START - San Jose</name>
    <type>start</type>
  </wpt>
  <wpt lat="37.2555" lon="-122.3836">
    <name>SPLIT - Pescadero</name>
    <type>split</type>
  </wpt>
  <wpt lat="37.4852" lon="-122.2364">
    <name>FINISH - Redwood City</name>
    <type>finish</type>
  </wpt>
  <trk>
    <name>Coast run</name>
    <trkseg>
      <trkpt lat="37.795473" lon="-122.279018"/>
      <trkpt lat="37.795235" lon="-122.278445"/>
      <trkpt lat="37.796166" lon="-122.277834"/>
      <trkpt lat="37.79861" lon="-122.276306"/>
      <trkpt lat="37.797965" lon="-122.274712"/>
      <trkpt lat="37.797969" lon="-122.274533"/>
      <trkpt lat="37.797697" lon="-122.273659"/>
      <trkpt lat="37.797175" lon="-122.272257"/>
      <trkpt lat="37.796611" lon="-122.27072"/>
      <trkpt lat="37.796668" lon="-122.270438"/>
      <trkpt lat="37.795232" lon="-122.266793"/>
      <trkpt lat="37.794912" lon="-122.266099"/>
      <trkpt lat="37.794507" lon="-122.26539"/>
      <trkpt lat="37.794035" lon="-122.264693"/>
      <trkpt lat="37.793708" lon="-122.264265"/>
      <trkpt lat="37.793034" lon="-122.263521"/>
      <trkpt lat="37.79127" lon="-122.261418"/>
      <trkpt lat="37.790843" lon="-122.260799"/>
      <trkpt lat="37.790514" lon="-122.260185"/>
      <trkpt lat="37.790235" lon="-122.259539"/>
      <trkpt lat="37.790024" lon="-122.258896"/>
      <trkpt lat="37.789839" lon="-122.258105"/>
      <trkpt lat="37.789168" lon="-122.254159"/>
      <trkpt lat="37.788892" lon="-122.252877"/>
      <trkpt lat="37.788561" lon="-122.251608"/>
      <trkpt lat="37.788051" lon="-122.249934"/>
      <trkpt lat="37.787511" lon="-122.248394"/>
      <trkpt lat="37.786926" lon="-122.24691"/>
      <trkpt lat="37.78651" lon="-122.246001"/>
      <trkpt lat="37.784217" lon="-122.24169"/>
      <trkpt lat="37.78375" lon="-122.24092"/>
      <trkpt lat="37.783201" lon="-122.240153"/>
      <trkpt lat="37.782826" lon="-122.23974"/>
      <trkpt lat="37.782459" lon="-122.239423"/>
      <trkpt lat="37.78195" lon="-122.239088"/>
      <trkpt lat="37.781376" lon="-122.238833"/>
      <trkpt lat="37.77915" lon="-122.238026"/>
      <trkpt lat="37.778448" lon="-122.237701"/>
      <trkpt lat="37.777965" lon="-122.237412"/>
      <trkpt lat="37.777372" lon="-122.236963"/>
      <trkpt lat="37.776753" lon="-122.236393"/>
      <trkpt lat="37.776417" lon="-122.23602"/>
      <trkpt lat="37.77595" lon="-122.23539"/>
      <trkpt lat="37.775613" lon="-122.234851"/>
      <trkpt lat="37.775244" lon="-122.234131"/>
      <trkpt lat="37.774932" lon="-122.233376"/>
      <trkpt lat="37.772062" lon="-122.224782"/>
      <trkpt lat="37.771807" lon="-122.224206"/>
      <trkpt lat="37.771449" lon="-122.223546"/>
      <trkpt lat="37.77122" lon="-122.223188"/>
      <trkpt lat="37.770811" lon="-122.222644"/>
      <trkpt lat="37.770386" lon="-122.222181"/>
      <trkpt lat="37.769962" lon="-122.221792"/>
      <trkpt lat="37.766005" lon="-122.218809"/>
      <trkpt lat="37.765152" lon="-122.218078"/>
      <trkpt lat="37.758403" lon="-122.212137"/>
      <trkpt lat="37.756254" lon="-122.210263"/>
      <trkpt lat="37.739457" lon="-122.195519"/>
      <trkpt lat="37.737496" lon="-122.193805"/>
      <trkpt lat="37.733744" lon="-122.1905"/>
      <trkpt lat="37.731589" lon="-122.188612"/>
      <trkpt lat="37.730446" lon="-122.187619"/>
      <trkpt lat="37.727452" lon="-122.185009"/>
      <trkpt lat="37.725016" lon="-122.182874"/>
      <trkpt lat="37.724216" lon="-122.182103"/>
      <trkpt lat="37.72115" lon="-122.178962"/>
      <trkpt lat="37.717961" lon="-122.17573"/>
      <trkpt lat="37.714497" lon="-122.172271"/>
      <trkpt lat="37.713804" lon="-122.171502"/>
      <trkpt lat="37.713039" lon="-122.170543"/>
      <trkpt lat="37.712686" lon="-122.170028"/>
      <trkpt lat="37.712242" lon="-122.169353"/>
      <trkpt lat="37.709434" lon="-122.165258"/>
      <trkpt lat="37.691448" lon="-122.139237"/>
      <trkpt lat="37.69017" lon="-122.137417"/>
      <trkpt lat="37.685527" lon="-122.13073"/>
      <trkpt lat="37.678038" lon="-122.119879"/>
      <trkpt lat="37.676495" lon="-122.117521"/>
      <trkpt lat="37.675881" lon="-122.116667"/>
      <trkpt lat="37.675007" lon="-122.115528"/>
      <trkpt lat="37.674318" lon="-122.114557"/>
      <trkpt lat="37.673344" lon="-122.113137"/>
      <trkpt lat="37.672962" lon="-122.112658"/>
      <trkpt lat="37.67253" lon="-122.112141"/>
      <trkpt lat="37.671831" lon="-122.111442"/>
      <trkpt lat="37.671375" lon="-122.111035"/>
      <trkpt lat="37.670883" lon="-122.110645"/>
      <trkpt lat="37.670447" lon="-122.110338"/>
      <trkpt lat="37.668694" lon="-122.109233"/>
      <trkpt lat="37.663776" lon="-122.106199"/>
      <trkpt lat="37.657056" lon="-122.102"/>
      <trkpt lat="37.649858" lon="-122.09754"/>
      <trkpt lat="37.648518" lon="-122.096627"/>
      <trkpt lat="37.648394" lon="-122.096681"/>
      <trkpt lat="37.646736" lon="-122.095675"/>
      <trkpt lat="37.645725" lon="-122.095167"/>
      <trkpt lat="37.645221" lon="-122.094919"/>
      <trkpt lat="37.644745" lon="-122.094758"/>
      <trkpt lat="37.644307" lon="-122.094699"/>
      <trkpt lat="37.643947" lon="-122.094711"/>
      <trkpt lat="37.643535" lon="-122.094798"/>
      <trkpt lat="37.643178" lon="-122.094933"/>
      <trkpt lat="37.642219" lon="-122.095437"/>
      <trkpt lat="37.642073" lon="-122.095431"/>
      <trkpt lat="37.640043" lon="-122.096646"/>
      <trkpt lat="37.63873" lon="-122.09737"/>
      <trkpt lat="37.63815" lon="-122.097786"/>
      <trkpt lat="37.637781" lon="-122.09811"/>
      <trkpt lat="37.637345" lon="-122.098567"/>
      <trkpt lat="37.63699" lon="-122.099012"/>
      <trkpt lat="37.636759" lon="-122.099355"/>
      <trkpt lat="37.636475" lon="-122.099847"/>
      <trkpt lat="37.636298" lon="-122.100209"/>
      <trkpt lat="37.635945" lon="-122.101075"/>
      <trkpt lat="37.635096" lon="-122.103403"/>
      <trkpt lat="37.634549" lon="-122.104899"/>
      <trkpt lat="37.632946" lon="-122.108843"/>
      <trkpt lat="37.632518" lon="-122.109786"/>
      <trkpt lat="37.63143" lon="-122.111921"/>
      <trkpt lat="37.631123" lon="-122.112659"/>
      <trkpt lat="37.629135" lon="-122.118554"/>
      <trkpt lat="37.618847" lon="-122.149217"/>
      <trkpt lat="37.618615" lon="-122.150036"/>
      <trkpt lat="37.618333" lon="-122.151341"/>
      <trkpt lat="37.61791" lon="-122.152867"/>
      <trkpt lat="37.6176" lon="-122.153808"/>
      <trkpt lat="37.617087" lon="-122.155125"/>
      <trkpt lat="37.616801" lon="-122.156012"/>
      <trkpt lat="37.610567" lon="-122.176979"/>
      <trkpt lat="37.60915" lon="-122.181711"/>
      <trkpt lat="37.601511" lon="-122.207429"/>
      <trkpt lat="37.597582" lon="-122.220642"/>
      <trkpt lat="37.594655" lon="-122.23053"/>
      <trkpt lat="37.593763" lon="-122.233493"/>
      <trkpt lat="37.592841" lon="-122.236364"/>
      <trkpt lat="37.591104" lon="-122.242157"/>
      <trkpt lat="37.590846" lon="-122.24286"/>
      <trkpt lat="37.590544" lon="-122.243514"/>
      <trkpt lat="37.590193" lon="-122.244137"/>
      <trkpt lat="37.589826" lon="-122.244689"/>
      <trkpt lat="37.589402" lon="-122.245214"/>
      <trkpt lat="37.57325" lon="-122.262944"/>
      <trkpt lat="37.571323" lon="-122.26508"/>
      <trkpt lat="37.570675" lon="-122.265807"/>
      <trkpt lat="37.564756" lon="-122.272298"/>
      <trkpt lat="37.563819" lon="-122.273466"/>
      <trkpt lat="37.563077" lon="-122.27449"/>
      <trkpt lat="37.562045" lon="-122.27609"/>
      <trkpt lat="37.557993" lon="-122.282536"/>
      <trkpt lat="37.55728" lon="-122.283773"/>
      <trkpt lat="37.55675" lon="-122.284769"/>
      <trkpt lat="37.5563" lon="-122.2857"/>
      <trkpt lat="37.555521" lon="-122.287569"/>
      <trkpt lat="37.554954" lon="-122.289079"/>
      <trkpt lat="37.554486" lon="-122.290495"/>
      <trkpt lat="37.554158" lon="-122.291685"/>
      <trkpt lat="37.55395" lon="-122.292671"/>
      <trkpt lat="37.553527" lon="-122.29508"/>
      <trkpt lat="37.552872" lon="-122.299147"/>
      <trkpt lat="37.55273" lon="-122.300788"/>
      <trkpt lat="37.552675" lon="-122.302747"/>
      <trkpt lat="37.552592" lon="-122.307392"/>
      <trkpt lat="37.552519" lon="-122.308006"/>
      <trkpt lat="37.552406" lon="-122.308479"/>
      <trkpt lat="37.552218" lon="-122.309029"/>
      <trkpt lat="37.551988" lon="-122.309469"/>
      <trkpt lat="37.549926" lon="-122.312788"/>
      <trkpt lat="37.54965" lon="-122.313361"/>
      <trkpt lat="37.549461" lon="-122.313912"/>
      <trkpt lat="37.548836" lon="-122.316301"/>
      <trkpt lat="37.547889" lon="-122.319298"/>
      <trkpt lat="37.547664" lon="-122.320224"/>
      <trkpt lat="37.547221" lon="-122.322795"/>
      <trkpt lat="37.547018" lon="-122.323543"/>
      <trkpt lat="37.546794" lon="-122.324131"/>
      <trkpt lat="37.546516" lon="-122.324692"/>
      <trkpt lat="37.546211" lon="-122.325199"/>
      <trkpt lat="37.543669" lon="-122.328502"/>
      <trkpt lat="37.543228" lon="-122.32896"/>
      <trkpt lat="37.54277" lon="-122.329329"/>
      <trkpt lat="37.542289" lon="-122.329622"/>
      <trkpt lat="37.541808" lon="-122.329829"/>
      <trkpt lat="37.541332" lon="-122.32996"/>
      <trkpt lat="37.540824" lon="-122.330026"/>
      <trkpt lat="37.540281" lon="-122.330017"/>
      <trkpt lat="37.53977" lon="-122.329933"/>
      <trkpt lat="37.537022" lon="-122.329292"/>
      <trkpt lat="37.536209" lon="-122.329203"/>
      <trkpt lat="37.535453" lon="-122.32919"/>
      <trkpt lat="37.534648" lon="-122.329263"/>
      <trkpt lat="37.5339" lon="-122.329396"/>
      <trkpt lat="37.532998" lon="-122.329663"/>
      <trkpt lat="37.52885" lon="-122.331111"/>
      <trkpt lat="37.525178" lon="-122.332349"/>
      <trkpt lat="37.524664" lon="-122.332462"/>
      <trkpt lat="37.524016" lon="-122.332541"/>
      <trkpt lat="37.523309" lon="-122.332536"/>
      <trkpt lat="37.522839" lon="-122.332483"/>
      <trkpt lat="37.522187" lon="-122.332341"/>
      <trkpt lat="37.521567" lon="-122.33213"/>
      <trkpt lat="37.520923" lon="-122.331827"/>
      <trkpt lat="37.520315" lon="-122.331447"/>
      <trkpt lat="37.517442" lon="-122.32951"/>
      <trkpt lat="37.51694" lon="-122.329256"/>
      <trkpt lat="37.516468" lon="-122.329103"/>
      <trkpt lat="37.516009" lon="-122.329009"/>
      <trkpt lat="37.515119" lon="-122.329013"/>
      <trkpt lat="37.514518" lon="-122.329117"/>
      <trkpt lat="37.514013" lon="-122.329287"/>
      <trkpt lat="37.513534" lon="-122.329523"/>
      <trkpt lat="37.513084" lon="-122.32982"/>
      <trkpt lat="37.512724" lon="-122.330125"/>
      <trkpt lat="37.512266" lon="-122.330592"/>
      <trkpt lat="37.50979" lon="-122.333579"/>
      <trkpt lat="37.509747" lon="-122.333731"/>
      <trkpt lat="37.508998" lon="-122.334796"/>
      <trkpt lat="37.508879" lon="-122.335"/>
      <trkpt lat="37.508682" lon="-122.335412"/>
      <trkpt lat="37.50851" lon="-122.33571"/>
      <trkpt lat="37.508151" lon="-122.336424"/>
      <trkpt lat="37.507989" lon="-122.336682"/>
      <trkpt lat="37.507697" lon="-122.337025"/>
      <trkpt lat="37.507369" lon="-122.337298"/>
      <trkpt lat="37.507017" lon="-122.337494"/>
      <trkpt lat="37.506635" lon="-122.337618"/>
      <trkpt lat="37.506244" lon="-122.337659"/>
      <trkpt lat="37.505923" lon="-122.337634"/>
      <trkpt lat="37.505551" lon="-122.337533"/>
      <trkpt lat="37.505191" lon="-122.337355"/>
      <trkpt lat="37.504865" lon="-122.337102"/>
      <trkpt lat="37.504569" lon="-122.336788"/>
      <trkpt lat="37.50436" lon="-122.336498"/>
      <trkpt lat="37.504155" lon="-122.336103"/>
      <trkpt lat="37.50398" lon="-122.335596"/>
      <trkpt lat="37.50352" lon="-122.33412"/>
      <trkpt lat="37.503218" lon="-122.333423"/>
      <trkpt lat="37.502765" lon="-122.332653"/>
      <trkpt lat="37.502774" lon="-122.332447"/>
      <trkpt lat="37.502064" lon="-122.331407"/>
      <trkpt lat="37.501533" lon="-122.330465"/>
      <trkpt lat="37.501288" lon="-122.329932"/>
      <trkpt lat="37.501009" lon="-122.329214"/>
      <trkpt lat="37.500764" lon="-122.328442"/>
      <trkpt lat="37.500567" lon="-122.327619"/>
      <trkpt lat="37.500422" lon="-122.32676"/>
      <trkpt lat="37.50033" lon="-122.325868"/>
      <trkpt lat="37.500302" lon="-122.324598"/>
      <trkpt lat="37.500269" lon="-122.322532"/>
      <trkpt lat="37.500194" lon="-122.32164"/>
      <trkpt lat="37.500035" lon="-122.32058"/>
      <trkpt lat="37.499872" lon="-122.31983"/>
      <trkpt lat="37.49963" lon="-122.318967"/>
      <trkpt lat="37.499251" lon="-122.317913"/>
      <trkpt lat="37.498886" lon="-122.317105"/>
      <trkpt lat="37.498382" lon="-122.316152"/>
      <trkpt lat="37.496932" lon="-122.313528"/>
      <trkpt lat="37.496329" lon="-122.312211"/>
      <trkpt lat="37.495946" lon="-122.311184"/>
      <trkpt lat="37.495547" lon="-122.309891"/>
      <trkpt lat="37.495055" lon="-122.307931"/>
      <trkpt lat="37.494411" lon="-122.30532"/>
      <trkpt lat="37.494155" lon="-122.304529"/>
      <trkpt lat="37.493847" lon="-122.303766"/>
      <trkpt lat="37.493493" lon="-122.303043"/>
      <trkpt lat="37.493098" lon="-122.302372"/>
      <trkpt lat="37.49264" lon="-122.301712"/>
      <trkpt lat="37.492152" lon="-122.301117"/>
      <trkpt lat="37.491622" lon="-122.300575"/>
      <trkpt lat="37.491061" lon="-122.300088"/>
      <trkpt lat="37.490438" lon="-122.299647"/>
      <trkpt lat="37.489722" lon="-122.299241"/>
      <trkpt lat="37.489077" lon="-122.298961"/>
      <trkpt lat="37.488424" lon="-122.298751"/>
      <trkpt lat="37.487664" lon="-122.298592"/>
      <trkpt lat="37.486978" lon="-122.298527"/>
      <trkpt lat="37.486233" lon="-122.29854"/>
      <trkpt lat="37.485298" lon="-122.298669"/>
      <trkpt lat="37.479395" lon="-122.299625"/>
      <trkpt lat="37.47877" lon="-122.299668"/>
      <trkpt lat="37.478085" lon="-122.299648"/>
      <trkpt lat="37.477402" lon="-122.299555"/>
      <trkpt lat="37.476706" lon="-122.299386"/>
      <trkpt lat="37.476066" lon="-122.29916"/>
      <trkpt lat="37.475422" lon="-122.29886"/>
      <trkpt lat="37.47481" lon="-122.298499"/>
      <trkpt lat="37.474201" lon="-122.29806"/>
      <trkpt lat="37.473633" lon="-122.297567"/>
      <trkpt lat="37.472788" lon="-122.29669"/>
      <trkpt lat="37.470138" lon="-122.293859"/>
      <trkpt lat="37.469525" lon="-122.293292"/>
      <trkpt lat="37.468832" lon="-122.292746"/>
      <trkpt lat="37.468172" lon="-122.292309"/>
      <trkpt lat="37.467535" lon="-122.291952"/>
      <trkpt lat="37.466771" lon="-122.291608"/>
      <trkpt lat="37.466195" lon="-122.2914"/>
      <trkpt lat="37.4653" lon="-122.291162"/>
      <trkpt lat="37.464468" lon="-122.29103"/>
      <trkpt lat="37.46327" lon="-122.290963"/>
      <trkpt lat="37.461485" lon="-122.290891"/>
      <trkpt lat="37.460813" lon="-122.290791"/>
      <trkpt lat="37.460103" lon="-122.290611"/>
      <trkpt lat="37.45938" lon="-122.290341"/>
      <trkpt lat="37.45867" lon="-122.289984"/>
      <trkpt lat="37.458047" lon="-122.289589"/>
      <trkpt lat="37.457485" lon="-122.289158"/>
      <trkpt lat="37.456893" lon="-122.288614"/>
      <trkpt lat="37.456307" lon="-122.287963"/>
      <trkpt lat="37.455835" lon="-122.287342"/>
      <trkpt lat="37.448956" lon="-122.276889"/>
      <trkpt lat="37.445747" lon="-122.272288"/>
      <trkpt lat="37.445301" lon="-122.27155"/>
      <trkpt lat="37.44486" lon="-122.270681"/>
      <trkpt lat="37.444506" lon="-122.269841"/>
      <trkpt lat="37.44422" lon="-122.26902"/>
      <trkpt lat="37.443947" lon="-122.267979"/>
      <trkpt lat="37.443774" lon="-122.267125"/>
      <trkpt lat="37.443637" lon="-122.266109"/>
      <trkpt lat="37.44358" lon="-122.265384"/>
      <trkpt lat="37.443563" lon="-122.264273"/>
      <trkpt lat="37.443617" lon="-122.263242"/>
      <trkpt lat="37.444" lon="-122.259655"/>
      <trkpt lat="37.444046" lon="-122.25878"/>
      <trkpt lat="37.444033" lon="-122.257924"/>
      <trkpt lat="37.443944" lon="-122.25692"/>
      <trkpt lat="37.443794" lon="-122.256003"/>
      <trkpt lat="37.443622" lon="-122.255267"/>
      <trkpt lat="37.443351" lon="-122.254389"/>
      <trkpt lat="37.443085" lon="-122.253699"/>
      <trkpt lat="37.442739" lon="-122.252967"/>
      <trkpt lat="37.442302" lon="-122.2522"/>
      <trkpt lat="37.441836" lon="-122.251524"/>
      <trkpt lat="37.439149" lon="-122.248032"/>
      <trkpt lat="37.437951" lon="-122.246548"/>
      <trkpt lat="37.437816" lon="-122.246547"/>
      <trkpt lat="37.436614" lon="-122.245315"/>
      <trkpt lat="37.435491" lon="-122.244104"/>
      <trkpt lat="37.435266" lon="-122.243993"/>
      <trkpt lat="37.435082" lon="-122.244031"/>
      <trkpt lat="37.434873" lon="-122.244417"/>
      <trkpt lat="37.434665" lon="-122.244685"/>
      <trkpt lat="37.434268" lon="-122.245096"/>
      <trkpt lat="37.434032" lon="-122.245274"/>
      <trkpt lat="37.433613" lon="-122.245464"/>
      <trkpt lat="37.432092" lon="-122.24605"/>
      <trkpt lat="37.431785" lon="-122.246248"/>
      <trkpt lat="37.431575" lon="-122.24645"/>
      <trkpt lat="37.429929" lon="-122.248462"/>
      <trkpt lat="37.429541" lon="-122.249191"/>
      <trkpt lat="37.429437" lon="-122.249438"/>
      <trkpt lat="37.429308" lon="-122.24999"/>
      <trkpt lat="37.429246" lon="-122.25043"/>
      <trkpt lat="37.429194" lon="-122.251142"/>
      <trkpt lat="37.429171" lon="-122.252466"/>
      <trkpt lat="37.429217" lon="-122.252775"/>
      <trkpt lat="37.429406" lon="-122.253299"/>
      <trkpt lat="37.429561" lon="-122.253669"/>
      <trkpt lat="37.429625" lon="-122.253957"/>
      <trkpt lat="37.42963" lon="-122.254328"/>
      <trkpt lat="37.427308" lon="-122.262034"/>
      <trkpt lat="37.426158" lon="-122.26589"/>
      <trkpt lat="37.425946" lon="-122.266481"/>
      <trkpt lat="37.425834" lon="-122.266683"/>
      <trkpt lat="37.425565" lon="-122.266988"/>
      <trkpt lat="37.42486" lon="-122.267626"/>
      <trkpt lat="37.424228" lon="-122.268348"/>
      <trkpt lat="37.424119" lon="-122.268418"/>
      <trkpt lat="37.42398" lon="-122.268441"/>
      <trkpt lat="37.423733" lon="-122.268362"/>
      <trkpt lat="37.422176" lon="-122.267557"/>
      <trkpt lat="37.42198" lon="-122.267484"/>
      <trkpt lat="37.421891" lon="-122.267554"/>
      <trkpt lat="37.42174" lon="-122.267787"/>
      <trkpt lat="37.421337" lon="-122.26885"/>
      <trkpt lat="37.421214" lon="-122.269028"/>
      <trkpt lat="37.420979" lon="-122.269228"/>
      <trkpt lat="37.420644" lon="-122.269408"/>
      <trkpt lat="37.420392" lon="-122.269463"/>
      <trkpt lat="37.420045" lon="-122.269436"/>
      <trkpt lat="37.419743" lon="-122.269316"/>
      <trkpt lat="37.419444" lon="-122.2691"/>
      <trkpt lat="37.417769" lon="-122.26771"/>
      <trkpt lat="37.417635" lon="-122.26756"/>
      <trkpt lat="37.416909" lon="-122.266326"/>
      <trkpt lat="37.416592" lon="-122.265963"/>
      <trkpt lat="37.415314" lon="-122.264652"/>
      <trkpt lat="37.412282" lon="-122.261709"/>
      <trkpt lat="37.410784" lon="-122.260232"/>
      <trkpt lat="37.409243" lon="-122.258775"/>
      <trkpt lat="37.407561" lon="-122.257111"/>
      <trkpt lat="37.407293" lon="-122.256972"/>
      <trkpt lat="37.406848" lon="-122.256773"/>
      <trkpt lat="37.406434" lon="-122.25668"/>
      <trkpt lat="37.406099" lon="-122.256494"/>
      <trkpt lat="37.405994" lon="-122.256491"/>
      <trkpt lat="37.405869" lon="-122.256564"/>
      <trkpt lat="37.405709" lon="-122.256688"/>
      <trkpt lat="37.405573" lon="-122.256709"/>
      <trkpt lat="37.405498" lon="-122.256675"/>
      <trkpt lat="37.405314" lon="-122.256467"/>
      <trkpt lat="37.405201" lon="-122.256404"/>
      <trkpt lat="37.404981" lon="-122.256398"/>
      <trkpt lat="37.404783" lon="-122.256469"/>
      <trkpt lat="37.404534" lon="-122.256596"/>
      <trkpt lat="37.404175" lon="-122.256725"/>
      <trkpt lat="37.403985" lon="-122.256888"/>
      <trkpt lat="37.403882" lon="-122.257066"/>
      <trkpt lat="37.403727" lon="-122.25754"/>
      <trkpt lat="37.403638" lon="-122.257665"/>
      <trkpt lat="37.403432" lon="-122.257828"/>
      <trkpt lat="37.403124" lon="-122.258054"/>
      <trkpt lat="37.403043" lon="-122.258156"/>
      <trkpt lat="37.402934" lon="-122.258372"/>
      <trkpt lat="37.402847" lon="-122.258448"/>
      <trkpt lat="37.402385" lon="-122.258666"/>
      <trkpt lat="37.402232" lon="-122.258796"/>
      <trkpt lat="37.401551" lon="-122.259697"/>
      <trkpt lat="37.401224" lon="-122.260074"/>
      <trkpt lat="37.401086" lon="-122.260266"/>
      <trkpt lat="37.400792" lon="-122.260443"/>
      <trkpt lat="37.400304" lon="-122.260662"/>
      <trkpt lat="37.39977" lon="-122.26101"/>
      <trkpt lat="37.399465" lon="-122.261126"/>
      <trkpt lat="37.398888" lon="-122.261246"/>
      <trkpt lat="37.398475" lon="-122.261449"/>
      <trkpt lat="37.398331" lon="-122.261458"/>
      <trkpt lat="37.39823" lon="-122.261421"/>
      <trkpt lat="37.398176" lon="-122.261317"/>
      <trkpt lat="37.398179" lon="-122.261182"/>
      <trkpt lat="37.398266" lon="-122.261044"/>
      <trkpt lat="37.398611" lon="-122.260667"/>
      <trkpt lat="37.39934" lon="-122.260099"/>
      <trkpt lat="37.400004" lon="-122.259707"/>
      <trkpt lat="37.400191" lon="-122.259552"/>
      <trkpt lat="37.400307" lon="-122.25939"/>
      <trkpt lat="37.400444" lon="-122.25896"/>
      <trkpt lat="37.400702" lon="-122.258441"/>
      <trkpt lat="37.400825" lon="-122.258015"/>
      <trkpt lat="37.400881" lon="-122.257914"/>
      <trkpt lat="37.40107" lon="-122.257668"/>
      <trkpt lat="37.401282" lon="-122.257126"/>
      <trkpt lat="37.401334" lon="-122.256946"/>
      <trkpt lat="37.401314" lon="-122.256808"/>
      <trkpt lat="37.40126" lon="-122.256725"/>
      <trkpt lat="37.401183" lon="-122.256684"/>
      <trkpt lat="37.400702" lon="-122.256665"/>
      <trkpt lat="37.400534" lon="-122.256612"/>
      <trkpt lat="37.400351" lon="-122.25649"/>
      <trkpt lat="37.400036" lon="-122.256197"/>
      <trkpt lat="37.399505" lon="-122.255873"/>
      <trkpt lat="37.399354" lon="-122.255848"/>
      <trkpt lat="37.399099" lon="-122.25594"/>
      <trkpt lat="37.398623" lon="-122.256161"/>
      <trkpt lat="37.398509" lon="-122.256177"/>
      <trkpt lat="37.398381" lon="-122.256128"/>
      <trkpt lat="37.398274" lon="-122.256036"/>
      <trkpt lat="37.398121" lon="-122.255768"/>
      <trkpt lat="37.397999" lon="-122.255372"/>
      <trkpt lat="37.397868" lon="-122.254779"/>
      <trkpt lat="37.397761" lon="-122.254506"/>
      <trkpt lat="37.397631" lon="-122.254336"/>
      <trkpt lat="37.39738" lon="-122.254163"/>
      <trkpt lat="37.397166" lon="-122.254278"/>
      <trkpt lat="37.397078" lon="-122.254397"/>
      <trkpt lat="37.397059" lon="-122.254501"/>
      <trkpt lat="37.397108" lon="-122.254737"/>
      <trkpt lat="37.397231" lon="-122.255117"/>
      <trkpt lat="37.397255" lon="-122.255421"/>
      <trkpt lat="37.397206" lon="-122.256297"/>
      <trkpt lat="37.397246" lon="-122.256582"/>
      <trkpt lat="37.397318" lon="-122.256772"/>
      <trkpt lat="37.397924" lon="-122.257617"/>
      <trkpt lat="37.398233" lon="-122.257948"/>
      <trkpt lat="37.398304" lon="-122.258101"/>
      <trkpt lat="37.398319" lon="-122.258253"/>
      <trkpt lat="37.398288" lon="-122.258409"/>
      <trkpt lat="37.398202" lon="-122.258588"/>
      <trkpt lat="37.398101" lon="-122.258698"/>
      <trkpt lat="37.397983" lon="-122.258761"/>
      <trkpt lat="37.397875" lon="-122.258777"/>
      <trkpt lat="37.397775" lon="-122.258747"/>
      <trkpt lat="37.397686" lon="-122.258645"/>
      <trkpt lat="37.397643" lon="-122.258499"/>
      <trkpt lat="37.397628" lon="-122.258163"/>
      <trkpt lat="37.397556" lon="-122.257971"/>
      <trkpt lat="37.397088" lon="-122.257273"/>
      <trkpt lat="37.396914" lon="-122.257124"/>
      <trkpt lat="37.396779" lon="-122.25707"/>
      <trkpt lat="37.396617" lon="-122.257097"/>
      <trkpt lat="37.396338" lon="-122.257173"/>
      <trkpt lat="37.395769" lon="-122.257172"/>
      <trkpt lat="37.395556" lon="-122.257249"/>
      <trkpt lat="37.395233" lon="-122.257395"/>
      <trkpt lat="37.395086" lon="-122.257399"/>
      <trkpt lat="37.394938" lon="-122.257307"/>
      <trkpt lat="37.394615" lon="-122.256917"/>
      <trkpt lat="37.394391" lon="-122.256749"/>
      <trkpt lat="37.394252" lon="-122.256706"/>
      <trkpt lat="37.393948" lon="-122.256672"/>
      <trkpt lat="37.393454" lon="-122.256484"/>
      <trkpt lat="37.393327" lon="-122.256478"/>
      <trkpt lat="37.393204" lon="-122.256543"/>
      <trkpt lat="37.393087" lon="-122.256686"/>
      <trkpt lat="37.392897" lon="-122.257129"/>
      <trkpt lat="37.392782" lon="-122.257259"/>
      <trkpt lat="37.392555" lon="-122.257458"/>
      <trkpt lat="37.392451" lon="-122.257626"/>
      <trkpt lat="37.392393" lon="-122.257853"/>
      <trkpt lat="37.392386" lon="-122.258105"/>
      <trkpt lat="37.392429" lon="-122.259322"/>
      <trkpt lat="37.392491" lon="-122.259504"/>
      <trkpt lat="37.392682" lon="-122.259742"/>
      <trkpt lat="37.392811" lon="-122.259941"/>
      <trkpt lat="37.392969" lon="-122.260436"/>
      <trkpt lat="37.393052" lon="-122.260659"/>
      <trkpt lat="37.393041" lon="-122.260827"/>
      <trkpt lat="37.392979" lon="-122.260972"/>
      <trkpt lat="37.392759" lon="-122.261323"/>
      <trkpt lat="37.392649" lon="-122.261519"/>
      <trkpt lat="37.392405" lon="-122.262175"/>
      <trkpt lat="37.392372" lon="-122.262242"/>
      <trkpt lat="37.392279" lon="-122.2623"/>
      <trkpt lat="37.392197" lon="-122.262293"/>
      <trkpt lat="37.392138" lon="-122.262241"/>
      <trkpt lat="37.392096" lon="-122.262148"/>
      <trkpt lat="37.392087" lon="-122.261939"/>
      <trkpt lat="37.392081" lon="-122.261788"/>
      <trkpt lat="37.39201" lon="-122.261647"/>
      <trkpt lat="37.391645" lon="-122.26128"/>
      <trkpt lat="37.39156" lon="-122.261208"/>
      <trkpt lat="37.391436" lon="-122.261165"/>
      <trkpt lat="37.39133" lon="-122.261187"/>
      <trkpt lat="37.39088" lon="-122.261621"/>
      <trkpt lat="37.39076" lon="-122.261654"/>
      <trkpt lat="37.390612" lon="-122.261614"/>
      <trkpt lat="37.390376" lon="-122.26149"/>
      <trkpt lat="37.390242" lon="-122.261548"/>
      <trkpt lat="37.390185" lon="-122.261642"/>
      <trkpt lat="37.390107" lon="-122.262141"/>
      <trkpt lat="37.389947" lon="-122.262786"/>
      <trkpt lat="37.389872" lon="-122.262932"/>
      <trkpt lat="37.389622" lon="-122.263211"/>
      <trkpt lat="37.389537" lon="-122.263365"/>
      <trkpt lat="37.389432" lon="-122.263629"/>
      <trkpt lat="37.389332" lon="-122.263759"/>
      <trkpt lat="37.38919" lon="-122.263847"/>
      <trkpt lat="37.389099" lon="-122.263851"/>
      <trkpt lat="37.388529" lon="-122.263633"/>
      <trkpt lat="37.388393" lon="-122.263561"/>
      <trkpt lat="37.388287" lon="-122.263465"/>
      <trkpt lat="37.388333" lon="-122.263142"/>
      <trkpt lat="37.388308" lon="-122.262999"/>
      <trkpt lat="37.388115" lon="-122.262464"/>
      <trkpt lat="37.388104" lon="-122.262381"/>
      <trkpt lat="37.388116" lon="-122.262154"/>
      <trkpt lat="37.388055" lon="-122.261919"/>
      <trkpt lat="37.387942" lon="-122.261766"/>
      <trkpt lat="37.387631" lon="-122.261464"/>
      <trkpt lat="37.38755" lon="-122.261292"/>
      <trkpt lat="37.387547" lon="-122.261173"/>
      <trkpt lat="37.387624" lon="-122.260378"/>
      <trkpt lat="37.387632" lon="-122.260254"/>
      <trkpt lat="37.3876" lon="-122.260149"/>
      <trkpt lat="37.387457" lon="-122.259939"/>
      <trkpt lat="37.387233" lon="-122.259607"/>
      <trkpt lat="37.387139" lon="-122.259498"/>
      <trkpt lat="37.386889" lon="-122.259339"/>
      <trkpt lat="37.38684" lon="-122.259234"/>
      <trkpt lat="37.386722" lon="-122.258661"/>
      <trkpt lat="37.387057" lon="-122.258532"/>
      <trkpt lat="37.38716" lon="-122.258432"/>
      <trkpt lat="37.387212" lon="-122.258275"/>
      <trkpt lat="37.387247" lon="-122.25804"/>
      <trkpt lat="37.38725" lon="-122.25786"/>
      <trkpt lat="37.387265" lon="-122.257364"/>
      <trkpt lat="37.387256" lon="-122.257204"/>
      <trkpt lat="37.387264" lon="-122.257607"/>
      <trkpt lat="37.387242" lon="-122.257931"/>
      <trkpt lat="37.387245" lon="-122.258061"/>
      <trkpt lat="37.387199" lon="-122.258317"/>
      <trkpt lat="37.387146" lon="-122.258456"/>
      <trkpt lat="37.387023" lon="-122.258554"/>
      <trkpt lat="37.386722" lon="-122.258661"/>
      <trkpt lat="37.386863" lon="-122.259299"/>
      <trkpt lat="37.386937" lon="-122.259381"/>
      <trkpt lat="37.387176" lon="-122.259527"/>
      <trkpt lat="37.387282" lon="-122.259667"/>
      <trkpt lat="37.387507" lon="-122.26001"/>
      <trkpt lat="37.3876" lon="-122.260149"/>
      <trkpt lat="37.387632" lon="-122.260254"/>
      <trkpt lat="37.387584" lon="-122.260818"/>
      <trkpt lat="37.387546" lon="-122.261267"/>
      <trkpt lat="37.387588" lon="-122.261386"/>
      <trkpt lat="37.387664" lon="-122.2615"/>
      <trkpt lat="37.387982" lon="-122.261813"/>
      <trkpt lat="37.388075" lon="-122.261963"/>
      <trkpt lat="37.388119" lon="-122.262192"/>
      <trkpt lat="37.388104" lon="-122.262425"/>
      <trkpt lat="37.388282" lon="-122.26293"/>
      <trkpt lat="37.388323" lon="-122.263054"/>
      <trkpt lat="37.38833" lon="-122.26322"/>
      <trkpt lat="37.388287" lon="-122.263465"/>
      <trkpt lat="37.388144" lon="-122.263291"/>
      <trkpt lat="37.387923" lon="-122.262918"/>
      <trkpt lat="37.387834" lon="-122.262489"/>
      <trkpt lat="37.387762" lon="-122.262393"/>
      <trkpt lat="37.387659" lon="-122.262338"/>
      <trkpt lat="37.387441" lon="-122.262347"/>
      <trkpt lat="37.387047" lon="-122.262402"/>
      <trkpt lat="37.386742" lon="-122.262513"/>
      <trkpt lat="37.386647" lon="-122.26249"/>
      <trkpt lat="37.386508" lon="-122.262333"/>
      <trkpt lat="37.38637" lon="-122.26206"/>
      <trkpt lat="37.386193" lon="-122.26146"/>
      <trkpt lat="37.386118" lon="-122.261372"/>
      <trkpt lat="37.386006" lon="-122.261334"/>
      <trkpt lat="37.38574" lon="-122.261375"/>
      <trkpt lat="37.385594" lon="-122.261401"/>
      <trkpt lat="37.385294" lon="-122.261339"/>
      <trkpt lat="37.385161" lon="-122.261323"/>
      <trkpt lat="37.385107" lon="-122.261359"/>
      <trkpt lat="37.385039" lon="-122.261534"/>
      <trkpt lat="37.385043" lon="-122.261738"/>
      <trkpt lat="37.385101" lon="-122.261891"/>
      <trkpt lat="37.385704" lon="-122.262707"/>
      <trkpt lat="37.386174" lon="-122.263524"/>
      <trkpt lat="37.386315" lon="-122.263864"/>
      <trkpt lat="37.386368" lon="-122.264188"/>
      <trkpt lat="37.386351" lon="-122.264691"/>
      <trkpt lat="37.386301" lon="-122.264962"/>
      <trkpt lat="37.386238" lon="-122.265216"/>
      <trkpt lat="37.386216" lon="-122.265491"/>
      <trkpt lat="37.386243" lon="-122.265803"/>
      <trkpt lat="37.386329" lon="-122.266305"/>
      <trkpt lat="37.386322" lon="-122.266564"/>
      <trkpt lat="37.386265" lon="-122.266837"/>
      <trkpt lat="37.386138" lon="-122.267093"/>
      <trkpt lat="37.386003" lon="-122.267274"/>
      <trkpt lat="37.385868" lon="-122.267349"/>
      <trkpt lat="37.385674" lon="-122.267369"/>
      <trkpt lat="37.385472" lon="-122.267327"/>
      <trkpt lat="37.385056" lon="-122.26716"/>
      <trkpt lat="37.384814" lon="-122.266961"/>
      <trkpt lat="37.384581" lon="-122.266695"/>
      <trkpt lat="37.384434" lon="-122.266468"/>
      <trkpt lat="37.384276" lon="-122.266062"/>
      <trkpt lat="37.384201" lon="-122.265807"/>
      <trkpt lat="37.384043" lon="-122.265494"/>
      <trkpt lat="37.383809" lon="-122.265182"/>
      <trkpt lat="37.383627" lon="-122.265036"/>
      <trkpt lat="37.383475" lon="-122.264985"/>
      <trkpt lat="37.383223" lon="-122.265001"/>
      <trkpt lat="37.382955" lon="-122.265054"/>
      <trkpt lat="37.382861" lon="-122.26503"/>
      <trkpt lat="37.38274" lon="-122.264931"/>
      <trkpt lat="37.38248" lon="-122.264523"/>
      <trkpt lat="37.382349" lon="-122.264425"/>
      <trkpt lat="37.382151" lon="-122.264366"/>
      <trkpt lat="37.381907" lon="-122.264398"/>
      <trkpt lat="37.381373" lon="-122.26455"/>
      <trkpt lat="37.380868" lon="-122.264663"/>
      <trkpt lat="37.380445" lon="-122.264898"/>
      <trkpt lat="37.380225" lon="-122.264942"/>
      <trkpt lat="37.379944" lon="-122.264917"/>
      <trkpt lat="37.379509" lon="-122.264769"/>
      <trkpt lat="37.379258" lon="-122.264781"/>
      <trkpt lat="37.378808" lon="-122.264912"/>
      <trkpt lat="37.378183" lon="-122.264946"/>
      <trkpt lat="37.3777" lon="-122.265085"/>
      <trkpt lat="37.377213" lon="-122.265109"/>
      <trkpt lat="37.376037" lon="-122.265543"/>
      <trkpt lat="37.375823" lon="-122.265558"/>
      <trkpt lat="37.375456" lon="-122.265476"/>
      <trkpt lat="37.3751" lon="-122.265456"/>
      <trkpt lat="37.374959" lon="-122.265389"/>
      <trkpt lat="37.374672" lon="-122.265078"/>
      <trkpt lat="37.374497" lon="-122.265005"/>
      <trkpt lat="37.37415" lon="-122.26493"/>
      <trkpt lat="37.373956" lon="-122.264788"/>
      <trkpt lat="37.373641" lon="-122.264389"/>
      <trkpt lat="37.373478" lon="-122.264314"/>
      <trkpt lat="37.373311" lon="-122.264323"/>
      <trkpt lat="37.37282" lon="-122.26451"/>
      <trkpt lat="37.372519" lon="-122.264508"/>
      <trkpt lat="37.372367" lon="-122.26444"/>
      <trkpt lat="37.372242" lon="-122.264308"/>
      <trkpt lat="37.372149" lon="-122.264106"/>
      <trkpt lat="37.372096" lon="-122.263855"/>
      <trkpt lat="37.372124" lon="-122.263302"/>
      <trkpt lat="37.372086" lon="-122.263077"/>
      <trkpt lat="37.371973" lon="-122.262876"/>
      <trkpt lat="37.371883" lon="-122.262817"/>
      <trkpt lat="37.371701" lon="-122.262782"/>
      <trkpt lat="37.371532" lon="-122.26283"/>
      <trkpt lat="37.371396" lon="-122.262941"/>
      <trkpt lat="37.370662" lon="-122.263827"/>
      <trkpt lat="37.370433" lon="-122.264007"/>
      <trkpt lat="37.370226" lon="-122.264067"/>
      <trkpt lat="37.369992" lon="-122.264044"/>
      <trkpt lat="37.369785" lon="-122.263943"/>
      <trkpt lat="37.369414" lon="-122.263606"/>
      <trkpt lat="37.369216" lon="-122.263528"/>
      <trkpt lat="37.369064" lon="-122.26353"/>
      <trkpt lat="37.368605" lon="-122.263644"/>
      <trkpt lat="37.368419" lon="-122.263593"/>
      <trkpt lat="37.368262" lon="-122.263467"/>
      <trkpt lat="37.368152" lon="-122.263281"/>
      <trkpt lat="37.368112" lon="-122.263131"/>
      <trkpt lat="37.368082" lon="-122.26227"/>
      <trkpt lat="37.368015" lon="-122.261978"/>
      <trkpt lat="37.367928" lon="-122.261824"/>
      <trkpt lat="37.367789" lon="-122.261685"/>
      <trkpt lat="37.367634" lon="-122.261615"/>
      <trkpt lat="37.367438" lon="-122.261611"/>
      <trkpt lat="37.367064" lon="-122.261743"/>
      <trkpt lat="37.366792" lon="-122.26188"/>
      <trkpt lat="37.36666" lon="-122.262017"/>
      <trkpt lat="37.366543" lon="-122.262201"/>
      <trkpt lat="37.366133" lon="-122.262922"/>
      <trkpt lat="37.365954" lon="-122.263075"/>
      <trkpt lat="37.365739" lon="-122.263136"/>
      <trkpt lat="37.36558" lon="-122.263114"/>
      <trkpt lat="37.364553" lon="-122.262649"/>
      <trkpt lat="37.364358" lon="-122.262498"/>
      <trkpt lat="37.36424" lon="-122.262331"/>
      <trkpt lat="37.364159" lon="-122.262099"/>
      <trkpt lat="37.364057" lon="-122.261519"/>
      <trkpt lat="37.364014" lon="-122.261389"/>
      <trkpt lat="37.363638" lon="-122.260594"/>
      <trkpt lat="37.363483" lon="-122.260375"/>
      <trkpt lat="37.363359" lon="-122.260293"/>
      <trkpt lat="37.363232" lon="-122.260247"/>
      <trkpt lat="37.362914" lon="-122.260303"/>
      <trkpt lat="37.362849" lon="-122.26034"/>
      <trkpt lat="37.362747" lon="-122.260451"/>
      <trkpt lat="37.362483" lon="-122.260934"/>
      <trkpt lat="37.36235" lon="-122.261066"/>
      <trkpt lat="37.362189" lon="-122.261141"/>
      <trkpt lat="37.362026" lon="-122.261146"/>
      <trkpt lat="37.361796" lon="-122.261039"/>
      <trkpt lat="37.361653" lon="-122.260927"/>
      <trkpt lat="37.361569" lon="-122.260841"/>
      <trkpt lat="37.361445" lon="-122.260637"/>
      <trkpt lat="37.361258" lon="-122.260434"/>
      <trkpt lat="37.361159" lon="-122.260407"/>
      <trkpt lat="37.360768" lon="-122.26042"/>
      <trkpt lat="37.36035" lon="-122.26046"/>
      <trkpt lat="37.360208" lon="-122.260535"/>
      <trkpt lat="37.359834" lon="-122.260853"/>
      <trkpt lat="37.3597" lon="-122.261016"/>
      <trkpt lat="37.359535" lon="-122.261309"/>
      <trkpt lat="37.359413" lon="-122.261658"/>
      <trkpt lat="37.359371" lon="-122.261984"/>
      <trkpt lat="37.359398" lon="-122.262462"/>
      <trkpt lat="37.359462" lon="-122.26276"/>
      <trkpt lat="37.3596" lon="-122.263142"/>
      <trkpt lat="37.359639" lon="-122.263217"/>
      <trkpt lat="37.359612" lon="-122.263689"/>
      <trkpt lat="37.359529" lon="-122.263912"/>
      <trkpt lat="37.359352" lon="-122.264143"/>
      <trkpt lat="37.358815" lon="-122.264628"/>
      <trkpt lat="37.358411" lon="-122.264924"/>
      <trkpt lat="37.357993" lon="-122.26522"/>
      <trkpt lat="37.357816" lon="-122.265388"/>
      <trkpt lat="37.357348" lon="-122.265959"/>
      <trkpt lat="37.357047" lon="-122.266238"/>
      <trkpt lat="37.356849" lon="-122.266349"/>
      <trkpt lat="37.356562" lon="-122.266394"/>
      <trkpt lat="37.356397" lon="-122.266366"/>
      <trkpt lat="37.356169" lon="-122.266248"/>
      <trkpt lat="37.355711" lon="-122.265797"/>
      <trkpt lat="37.35452" lon="-122.264555"/>
      <trkpt lat="37.354276" lon="-122.264356"/>
      <trkpt lat="37.35406" lon="-122.264284"/>
      <trkpt lat="37.353651" lon="-122.264257"/>
      <trkpt lat="37.353221" lon="-122.26427"/>
      <trkpt lat="37.352826" lon="-122.264374"/>
      <trkpt lat="37.352424" lon="-122.264366"/>
      <trkpt lat="37.351832" lon="-122.264303"/>
      <trkpt lat="37.351432" lon="-122.264362"/>
      <trkpt lat="37.351144" lon="-122.264449"/>
      <trkpt lat="37.351006" lon="-122.264558"/>
      <trkpt lat="37.350881" lon="-122.264712"/>
      <trkpt lat="37.350723" lon="-122.265032"/>
      <trkpt lat="37.350525" lon="-122.265516"/>
      <trkpt lat="37.350395" lon="-122.265686"/>
      <trkpt lat="37.350154" lon="-122.265841"/>
      <trkpt lat="37.349945" lon="-122.265981"/>
      <trkpt lat="37.349615" lon="-122.266417"/>
      <trkpt lat="37.349451" lon="-122.266535"/>
      <trkpt lat="37.349133" lon="-122.266625"/>
      <trkpt lat="37.348634" lon="-122.266696"/>
      <trkpt lat="37.348416" lon="-122.266665"/>
      <trkpt lat="37.347845" lon="-122.266449"/>
      <trkpt lat="37.347356" lon="-122.266254"/>
      <trkpt lat="37.347155" lon="-122.266227"/>
      <trkpt lat="37.346925" lon="-122.266272"/>
      <trkpt lat="37.346725" lon="-122.266361"/>
      <trkpt lat="37.346583" lon="-122.266477"/>
      <trkpt lat="37.346391" lon="-122.266736"/>
      <trkpt lat="37.346279" lon="-122.266999"/>
      <trkpt lat="37.346231" lon="-122.267237"/>
      <trkpt lat="37.346233" lon="-122.26746"/>
      <trkpt lat="37.346293" lon="-122.267729"/>
      <trkpt lat="37.3465" lon="-122.268411"/>
      <trkpt lat="37.34654" lon="-122.268685"/>
      <trkpt lat="37.346528" lon="-122.268995"/>
      <trkpt lat="37.346434" lon="-122.269562"/>
      <trkpt lat="37.34632" lon="-122.270019"/>
      <trkpt lat="37.346092" lon="-122.270794"/>
      <trkpt lat="37.345885" lon="-122.271337"/>
      <trkpt lat="37.345696" lon="-122.27167"/>
      <trkpt lat="37.345473" lon="-122.271936"/>
      <trkpt lat="37.345188" lon="-122.272153"/>
      <trkpt lat="37.344891" lon="-122.272285"/>
      <trkpt lat="37.344542" lon="-122.272347"/>
      <trkpt lat="37.344221" lon="-122.272327"/>
      <trkpt lat="37.342644" lon="-122.272022"/>
      <trkpt lat="37.34224" lon="-122.271894"/>
      <trkpt lat="37.341647" lon="-122.271499"/>
      <trkpt lat="37.340494" lon="-122.27066"/>
      <trkpt lat="37.339901" lon="-122.27032"/>
      <trkpt lat="37.339429" lon="-122.270234"/>
      <trkpt lat="37.338935" lon="-122.270174"/>
      <trkpt lat="37.338525" lon="-122.270062"/>
      <trkpt lat="37.33837" lon="-122.269979"/>
      <trkpt lat="37.338172" lon="-122.269771"/>
      <trkpt lat="37.33792" lon="-122.269455"/>
      <trkpt lat="37.33779" lon="-122.269378"/>
      <trkpt lat="37.337586" lon="-122.269385"/>
      <trkpt lat="37.337228" lon="-122.269447"/>
      <trkpt lat="37.336994" lon="-122.269426"/>
      <trkpt lat="37.336823" lon="-122.269304"/>
      <trkpt lat="37.336578" lon="-122.269062"/>
      <trkpt lat="37.336461" lon="-122.269003"/>
      <trkpt lat="37.336271" lon="-122.268987"/>
      <trkpt lat="37.336108" lon="-122.269051"/>
      <trkpt lat="37.335841" lon="-122.26929"/>
      <trkpt lat="37.335674" lon="-122.269453"/>
      <trkpt lat="37.335504" lon="-122.269552"/>
      <trkpt lat="37.335375" lon="-122.269613"/>
      <trkpt lat="37.335173" lon="-122.269606"/>
      <trkpt lat="37.335038" lon="-122.269562"/>
      <trkpt lat="37.334707" lon="-122.269354"/>
      <trkpt lat="37.334549" lon="-122.269322"/>
      <trkpt lat="37.334343" lon="-122.269359"/>
      <trkpt lat="37.334195" lon="-122.269456"/>
      <trkpt lat="37.334002" lon="-122.269727"/>
      <trkpt lat="37.333322" lon="-122.271005"/>
      <trkpt lat="37.333133" lon="-122.271291"/>
      <trkpt lat="37.332974" lon="-122.271404"/>
      <trkpt lat="37.33277" lon="-122.271404"/>
      <trkpt lat="37.332458" lon="-122.271253"/>
      <trkpt lat="37.331961" lon="-122.270978"/>
      <trkpt lat="37.331453" lon="-122.270758"/>
      <trkpt lat="37.330991" lon="-122.270612"/>
      <trkpt lat="37.330773" lon="-122.270467"/>
      <trkpt lat="37.33064" lon="-122.270303"/>
      <trkpt lat="37.330511" lon="-122.26995"/>
      <trkpt lat="37.330437" lon="-122.269751"/>
      <trkpt lat="37.330272" lon="-122.269554"/>
      <trkpt lat="37.330111" lon="-122.269466"/>
      <trkpt lat="37.329891" lon="-122.269488"/>
      <trkpt lat="37.329732" lon="-122.269574"/>
      <trkpt lat="37.329628" lon="-122.269686"/>
      <trkpt lat="37.329343" lon="-122.27029"/>
      <trkpt lat="37.329173" lon="-122.270539"/>
      <trkpt lat="37.329028" lon="-122.270678"/>
      <trkpt lat="37.328207" lon="-122.271233"/>
      <trkpt lat="37.328099" lon="-122.271292"/>
      <trkpt lat="37.327879" lon="-122.271289"/>
      <trkpt lat="37.327757" lon="-122.271217"/>
      <trkpt lat="37.327526" lon="-122.271032"/>
      <trkpt lat="37.327334" lon="-122.270985"/>
      <trkpt lat="37.32722" lon="-122.271016"/>
      <trkpt lat="37.327015" lon="-122.27116"/>
      <trkpt lat="37.326925" lon="-122.271309"/>
      <trkpt lat="37.326867" lon="-122.271554"/>
      <trkpt lat="37.326799" lon="-122.272122"/>
      <trkpt lat="37.32669" lon="-122.272416"/>
      <trkpt lat="37.326575" lon="-122.272551"/>
      <trkpt lat="37.326304" lon="-122.272758"/>
      <trkpt lat="37.326177" lon="-122.272949"/>
      <trkpt lat="37.326106" lon="-122.273146"/>
      <trkpt lat="37.326081" lon="-122.273445"/>
      <trkpt lat="37.326048" lon="-122.273937"/>
      <trkpt lat="37.326009" lon="-122.274085"/>
      <trkpt lat="37.32592" lon="-122.274207"/>
      <trkpt lat="37.325755" lon="-122.274314"/>
      <trkpt lat="37.325557" lon="-122.274357"/>
      <trkpt lat="37.325424" lon="-122.274314"/>
      <trkpt lat="37.325252" lon="-122.274164"/>
      <trkpt lat="37.325035" lon="-122.273854"/>
      <trkpt lat="37.324724" lon="-122.273352"/>
      <trkpt lat="37.324537" lon="-122.273153"/>
      <trkpt lat="37.324315" lon="-122.273032"/>
      <trkpt lat="37.324121" lon="-122.273004"/>
      <trkpt lat="37.323895" lon="-122.273038"/>
      <trkpt lat="37.323674" lon="-122.273164"/>
      <trkpt lat="37.323528" lon="-122.273311"/>
      <trkpt lat="37.322633" lon="-122.274414"/>
      <trkpt lat="37.3224" lon="-122.274575"/>
      <trkpt lat="37.322199" lon="-122.27463"/>
      <trkpt lat="37.321981" lon="-122.27463"/>
      <trkpt lat="37.319796" lon="-122.274347"/>
      <trkpt lat="37.319153" lon="-122.274318"/>
      <trkpt lat="37.318612" lon="-122.274376"/>
      <trkpt lat="37.318159" lon="-122.274407"/>
      <trkpt lat="37.317831" lon="-122.274459"/>
      <trkpt lat="37.317461" lon="-122.274572"/>
      <trkpt lat="37.3167" lon="-122.27489"/>
      <trkpt lat="37.316525" lon="-122.274916"/>
      <trkpt lat="37.316334" lon="-122.27489"/>
      <trkpt lat="37.316075" lon="-122.274771"/>
      <trkpt lat="37.31568" lon="-122.274576"/>
      <trkpt lat="37.315503" lon="-122.274554"/>
      <trkpt lat="37.315311" lon="-122.274596"/>
      <trkpt lat="37.315154" lon="-122.274699"/>
      <trkpt lat="37.315018" lon="-122.27485"/>
      <trkpt lat="37.314944" lon="-122.274982"/>
      <trkpt lat="37.314637" lon="-122.2757"/>
      <trkpt lat="37.31448" lon="-122.2759"/>
      <trkpt lat="37.314388" lon="-122.275977"/>
      <trkpt lat="37.314193" lon="-122.276028"/>
      <trkpt lat="37.31399" lon="-122.276004"/>
      <trkpt lat="37.313792" lon="-122.275874"/>
      <trkpt lat="37.313343" lon="-122.27544"/>
      <trkpt lat="37.313175" lon="-122.275365"/>
      <trkpt lat="37.313031" lon="-122.275352"/>
      <trkpt lat="37.312826" lon="-122.275385"/>
      <trkpt lat="37.31269" lon="-122.275457"/>
      <trkpt lat="37.312541" lon="-122.27559"/>
      <trkpt lat="37.311741" lon="-122.276665"/>
      <trkpt lat="37.311406" lon="-122.277105"/>
      <trkpt lat="37.311028" lon="-122.2774"/>
      <trkpt lat="37.310493" lon="-122.277767"/>
      <trkpt lat="37.310393" lon="-122.277925"/>
      <trkpt lat="37.310288" lon="-122.278182"/>
      <trkpt lat="37.310248" lon="-122.278476"/>
      <trkpt lat="37.31027" lon="-122.278719"/>
      <trkpt lat="37.310328" lon="-122.278929"/>
      <trkpt lat="37.310474" lon="-122.279179"/>
      <trkpt lat="37.310847" lon="-122.279667"/>
      <trkpt lat="37.310983" lon="-122.279939"/>
      <trkpt lat="37.311016" lon="-122.280196"/>
      <trkpt lat="37.310984" lon="-122.280451"/>
      <trkpt lat="37.310811" lon="-122.281152"/>
      <trkpt lat="37.310789" lon="-122.281438"/>
      <trkpt lat="37.310841" lon="-122.281669"/>
      <trkpt lat="37.310939" lon="-122.281855"/>
      <trkpt lat="37.311113" lon="-122.282017"/>
      <trkpt lat="37.31127" lon="-122.282083"/>
      <trkpt lat="37.311509" lon="-122.282108"/>
      <trkpt lat="37.31201" lon="-122.282092"/>
      <trkpt lat="37.312242" lon="-122.282156"/>
      <trkpt lat="37.312434" lon="-122.282286"/>
      <trkpt lat="37.312739" lon="-122.282657"/>
      <trkpt lat="37.313264" lon="-122.283363"/>
      <trkpt lat="37.313395" lon="-122.283611"/>
      <trkpt lat="37.313506" lon="-122.283933"/>
      <trkpt lat="37.313559" lon="-122.284277"/>
      <trkpt lat="37.313538" lon="-122.285685"/>
      <trkpt lat="37.313494" lon="-122.287012"/>
      <trkpt lat="37.313446" lon="-122.287239"/>
      <trkpt lat="37.313348" lon="-122.287472"/>
      <trkpt lat="37.313128" lon="-122.287765"/>
      <trkpt lat="37.312602" lon="-122.288418"/>
      <trkpt lat="37.312461" lon="-122.288681"/>
      <trkpt lat="37.312388" lon="-122.289016"/>
      <trkpt lat="37.312387" lon="-122.289223"/>
      <trkpt lat="37.312438" lon="-122.289474"/>
      <trkpt lat="37.31252" lon="-122.289669"/>
      <trkpt lat="37.312686" lon="-122.289909"/>
      <trkpt lat="37.312888" lon="-122.290085"/>
      <trkpt lat="37.313536" lon="-122.290471"/>
      <trkpt lat="37.313923" lon="-122.290647"/>
      <trkpt lat="37.314336" lon="-122.290737"/>
      <trkpt lat="37.314774" lon="-122.290801"/>
      <trkpt lat="37.314969" lon="-122.290875"/>
      <trkpt lat="37.315107" lon="-122.290973"/>
      <trkpt lat="37.315214" lon="-122.291098"/>
      <trkpt lat="37.315327" lon="-122.29134"/>
      <trkpt lat="37.31537" lon="-122.291583"/>
      <trkpt lat="37.315336" lon="-122.291868"/>
      <trkpt lat="37.315277" lon="-122.292027"/>
      <trkpt lat="37.315092" lon="-122.292301"/>
      <trkpt lat="37.314771" lon="-122.292761"/>
      <trkpt lat="37.314654" lon="-122.293052"/>
      <trkpt lat="37.314603" lon="-122.293318"/>
      <trkpt lat="37.314598" lon="-122.293566"/>
      <trkpt lat="37.314666" lon="-122.293847"/>
      <trkpt lat="37.314765" lon="-122.294118"/>
      <trkpt lat="37.314906" lon="-122.294336"/>
      <trkpt lat="37.315089" lon="-122.294517"/>
      <trkpt lat="37.315344" lon="-122.294639"/>
      <trkpt lat="37.315503" lon="-122.294677"/>
      <trkpt lat="37.316433" lon="-122.294639"/>
      <trkpt lat="37.316686" lon="-122.294651"/>
      <trkpt lat="37.317692" lon="-122.294611"/>
      <trkpt lat="37.317888" lon="-122.294661"/>
      <trkpt lat="37.318139" lon="-122.294814"/>
      <trkpt lat="37.318324" lon="-122.295017"/>
      <trkpt lat="37.31847" lon="-122.295349"/>
      <trkpt lat="37.318515" lon="-122.295618"/>
      <trkpt lat="37.318512" lon="-122.295868"/>
      <trkpt lat="37.318065" lon="-122.29891"/>
      <trkpt lat="37.318012" lon="-122.299157"/>
      <trkpt lat="37.317868" lon="-122.299539"/>
      <trkpt lat="37.317644" lon="-122.299914"/>
      <trkpt lat="37.317028" lon="-122.300667"/>
      <trkpt lat="37.31681" lon="-122.300997"/>
      <trkpt lat="37.316664" lon="-122.301351"/>
      <trkpt lat="37.316601" lon="-122.301795"/>
      <trkpt lat="37.316527" lon="-122.30407"/>
      <trkpt lat="37.31644" lon="-122.304667"/>
      <trkpt lat="37.316262" lon="-122.305288"/>
      <trkpt lat="37.316094" lon="-122.305714"/>
      <trkpt lat="37.315871" lon="-122.306129"/>
      <trkpt lat="37.315578" lon="-122.306555"/>
      <trkpt lat="37.314272" lon="-122.308286"/>
      <trkpt lat="37.314072" lon="-122.308609"/>
      <trkpt lat="37.31391" lon="-122.308977"/>
      <trkpt lat="37.313551" lon="-122.310357"/>
      <trkpt lat="37.312505" lon="-122.314713"/>
      <trkpt lat="37.312304" lon="-122.315836"/>
      <trkpt lat="37.311862" lon="-122.318759"/>
      <trkpt lat="37.311833" lon="-122.3192"/>
      <trkpt lat="37.311851" lon="-122.319657"/>
      <trkpt lat="37.311946" lon="-122.320228"/>
      <trkpt lat="37.313763" lon="-122.327379"/>
      <trkpt lat="37.31392" lon="-122.327817"/>
      <trkpt lat="37.314074" lon="-122.328099"/>
      <trkpt lat="37.314306" lon="-122.328384"/>
      <trkpt lat="37.314832" lon="-122.328831"/>
      <trkpt lat="37.315253" lon="-122.329165"/>
      <trkpt lat="37.315616" lon="-122.329587"/>
      <trkpt lat="37.31581" lon="-122.329899"/>
      <trkpt lat="37.316416" lon="-122.331175"/>
      <trkpt lat="37.316624" lon="-122.331507"/>
      <trkpt lat="37.316899" lon="-122.331808"/>
      <trkpt lat="37.317233" lon="-122.332034"/>
      <trkpt lat="37.318105" lon="-122.332516"/>
      <trkpt lat="37.31833" lon="-122.332713"/>
      <trkpt lat="37.318525" lon="-122.332971"/>
      <trkpt lat="37.318696" lon="-122.333339"/>
      <trkpt lat="37.318781" lon="-122.333669"/>
      <trkpt lat="37.318813" lon="-122.334056"/>
      <trkpt lat="37.318731" lon="-122.334949"/>
      <trkpt lat="37.318662" lon="-122.335712"/>
      <trkpt lat="37.31868" lon="-122.336088"/>
      <trkpt lat="37.318767" lon="-122.336513"/>
      <trkpt lat="37.318912" lon="-122.336932"/>
      <trkpt lat="37.319081" lon="-122.337239"/>
      <trkpt lat="37.31939" lon="-122.33765"/>
      <trkpt lat="37.321661" lon="-122.340365"/>
      <trkpt lat="37.321878" lon="-122.340685"/>
      <trkpt lat="37.322008" lon="-122.340998"/>
      <trkpt lat="37.322094" lon="-122.341395"/>
      <trkpt lat="37.322234" lon="-122.342573"/>
      <trkpt lat="37.322314" lon="-122.342863"/>
      <trkpt lat="37.322436" lon="-122.343131"/>
      <trkpt lat="37.322651" lon="-122.34345"/>
      <trkpt lat="37.322866" lon="-122.343638"/>
      <trkpt lat="37.324033" lon="-122.344298"/>
      <trkpt lat="37.324482" lon="-122.34466"/>
      <trkpt lat="37.324821" lon="-122.345023"/>
      <trkpt lat="37.325098" lon="-122.3454"/>
      <trkpt lat="37.325321" lon="-122.345776"/>
      <trkpt lat="37.325568" lon="-122.346319"/>
      <trkpt lat="37.32571" lon="-122.346745"/>
      <trkpt lat="37.325829" lon="-122.347266"/>
      <trkpt lat="37.325918" lon="-122.347954"/>
      <trkpt lat="37.325906" lon="-122.348689"/>
      <trkpt lat="37.325818" lon="-122.350866"/>
      <trkpt lat="37.32583" lon="-122.351201"/>
      <trkpt lat="37.325881" lon="-122.35155"/>
      <trkpt lat="37.325999" lon="-122.351923"/>
      <trkpt lat="37.32614" lon="-122.352204"/>
      <trkpt lat="37.326489" lon="-122.352691"/>
      <trkpt lat="37.326879" lon="-122.353246"/>
      <trkpt lat="37.327035" lon="-122.353529"/>
      <trkpt lat="37.32716" lon="-122.353849"/>
      <trkpt lat="37.32725" lon="-122.354275"/>
      <trkpt lat="37.327271" lon="-122.354604"/>
      <trkpt lat="37.327236" lon="-122.355025"/>
      <trkpt lat="37.326905" lon="-122.357029"/>
      <trkpt lat="37.326844" lon="-122.357751"/>
      <trkpt lat="37.326843" lon="-122.358319"/>
      <trkpt lat="37.327051" lon="-122.36322"/>
      <trkpt lat="37.327105" lon="-122.36359"/>
      <trkpt lat="37.327181" lon="-122.363852"/>
      <trkpt lat="37.327325" lon="-122.364178"/>
      <trkpt lat="37.327469" lon="-122.364406"/>
      <trkpt lat="37.327697" lon="-122.364671"/>
      <trkpt lat="37.327894" lon="-122.364833"/>
      <trkpt lat="37.329183" lon="-122.3657"/>
      <trkpt lat="37.329376" lon="-122.365897"/>
      <trkpt lat="37.329514" lon="-122.366108"/>
      <trkpt lat="37.329672" lon="-122.366478"/>
      <trkpt lat="37.329746" lon="-122.36681"/>
      <trkpt lat="37.329767" lon="-122.367158"/>
      <trkpt lat="37.329711" lon="-122.367627"/>
      <trkpt lat="37.329306" lon="-122.369542"/>
      <trkpt lat="37.329236" lon="-122.370194"/>
      <trkpt lat="37.329224" lon="-122.370571"/>
      <trkpt lat="37.329259" lon="-122.37128"/>
      <trkpt lat="37.329367" lon="-122.371965"/>
      <trkpt lat="37.329531" lon="-122.372556"/>
      <trkpt lat="37.331428" lon="-122.378035"/>
      <trkpt lat="37.331575" lon="-122.378541"/>
      <trkpt lat="37.331611" lon="-122.378878"/>
      <trkpt lat="37.331606" lon="-122.379156"/>
      <trkpt lat="37.331554" lon="-122.379529"/>
      <trkpt lat="37.330852" lon="-122.382008"/>
      <trkpt lat="37.330787" lon="-122.382184"/>
      <trkpt lat="37.330604" lon="-122.382511"/>
      <trkpt lat="37.330452" lon="-122.382719"/>
      <trkpt lat="37.330307" lon="-122.382877"/>
      <trkpt lat="37.330171" lon="-122.382989"/>
      <trkpt lat="37.329155" lon="-122.383564"/>
      <trkpt lat="37.328853" lon="-122.383779"/>
      <trkpt lat="37.328367" lon="-122.384226"/>
      <trkpt lat="37.327639" lon="-122.38495"/>
      <trkpt lat="37.327318" lon="-122.385336"/>
      <trkpt lat="37.327206" lon="-122.385514"/>
      <trkpt lat="37.327065" lon="-122.385816"/>
      <trkpt lat="37.3269" lon="-122.386344"/>
      <trkpt lat="37.326303" lon="-122.388765"/>
      <trkpt lat="37.326111" lon="-122.389281"/>
      <trkpt lat="37.325638" lon="-122.390189"/>
      <trkpt lat="37.325108" lon="-122.391181"/>
      <trkpt lat="37.324897" lon="-122.391674"/>
      <trkpt lat="37.324762" lon="-122.392221"/>
      <trkpt lat="37.324707" lon="-122.392624"/>
      <trkpt lat="37.324565" lon="-122.396724"/>
      <trkpt lat="37.324481" lon="-122.399678"/>
      <trkpt lat="37.324563" lon="-122.399857"/>
      <trkpt lat="37.323744" lon="-122.40042"/>
      <trkpt lat="37.322195" lon="-122.401307"/>
      <trkpt lat="37.321263" lon="-122.401787"/>
      <trkpt lat="37.32012" lon="-122.402287"/>
      <trkpt lat="37.319112" lon="-122.402647"/>
      <trkpt lat="37.31806" lon="-122.402951"/>
      <trkpt lat="37.317147" lon="-122.403163"/>
      <trkpt lat="37.316018" lon="-122.403357"/>
      <trkpt lat="37.30747" lon="-122.404514"/>
      <trkpt lat="37.306325" lon="-122.404613"/>
      <trkpt lat="37.305032" lon="-122.40465"/>
      <trkpt lat="37.298961" lon="-122.404675"/>
      <trkpt lat="37.298452" lon="-122.40475"/>
      <trkpt lat="37.29802" lon="-122.404871"/>
      <trkpt lat="37.297549" lon="-122.405056"/>
      <trkpt lat="37.296871" lon="-122.405416"/>
      <trkpt lat="37.296073" lon="-122.405877"/>
      <trkpt lat="37.295562" lon="-122.40611"/>
      <trkpt lat="37.295038" lon="-122.40627"/>
      <trkpt lat="37.294415" lon="-122.40637"/>
      <trkpt lat="37.293784" lon="-122.406372"/>
      <trkpt lat="37.293249" lon="-122.406293"/>
      <trkpt lat="37.2925" lon="-122.40606"/>
      <trkpt lat="37.291136" lon="-122.40555"/>
      <trkpt lat="37.289297" lon="-122.404847"/>
      <trkpt lat="37.28879" lon="-122.404716"/>
      <trkpt lat="37.288171" lon="-122.40464"/>
      <trkpt lat="37.287821" lon="-122.40463"/>
      <trkpt lat="37.287305" lon="-122.404677"/>
      <trkpt lat="37.286651" lon="-122.404819"/>
      <trkpt lat="37.286294" lon="-122.404935"/>
      <trkpt lat="37.285728" lon="-122.405202"/>
      <trkpt lat="37.285142" lon="-122.405578"/>
      <trkpt lat="37.283161" lon="-122.406979"/>
      <trkpt lat="37.282448" lon="-122.407412"/>
      <trkpt lat="37.281933" lon="-122.407659"/>
      <trkpt lat="37.281182" lon="-122.407939"/>
      <trkpt lat="37.280396" lon="-122.408133"/>
      <trkpt lat="37.279671" lon="-122.408222"/>
      <trkpt lat="37.279141" lon="-122.408232"/>
      <trkpt lat="37.276975" lon="-122.408137"/>
      <trkpt lat="37.276361" lon="-122.408156"/>
      <trkpt lat="37.275678" lon="-122.408251"/>
      <trkpt lat="37.273231" lon="-122.408847"/>
      <trkpt lat="37.269793" lon="-122.409729"/>
      <trkpt lat="37.269067" lon="-122.409968"/>
      <trkpt lat="37.268379" lon="-122.410256"/>
      <trkpt lat="37.267858" lon="-122.410545"/>
      <trkpt lat="37.26673" lon="-122.411252"/>
      <trkpt lat="37.266417" lon="-122.411426"/>
      <trkpt lat="37.265591" lon="-122.411793"/>
      <trkpt lat="37.265058" lon="-122.411983"/>
      <trkpt lat="37.264307" lon="-122.41216"/>
      <trkpt lat="37.26414" lon="-122.412247"/>
      <trkpt lat="37.264018" lon="-122.412318"/>
      <trkpt lat="37.263881" lon="-122.412287"/>
      <trkpt lat="37.263259" lon="-122.412405"/>
      <trkpt lat="37.259708" lon="-122.41324"/>
      <trkpt lat="37.259572" lon="-122.411674"/>
      <trkpt lat="37.259459" lon="-122.411108"/>
      <trkpt lat="37.259337" lon="-122.410744"/>
      <trkpt lat="37.259111" lon="-122.410271"/>
      <trkpt lat="37.258914" lon="-122.409957"/>
      <trkpt lat="37.258677" lon="-122.409655"/>
      <trkpt lat="37.258322" lon="-122.409325"/>
      <trkpt lat="37.258037" lon="-122.40914"/>
      <trkpt lat="37.254377" lon="-122.407217"/>
      <trkpt lat="37.25406" lon="-122.406979"/>
      <trkpt lat="37.25378" lon="-122.40669"/>
      <trkpt lat="37.253556" lon="-122.406382"/>
      <trkpt lat="37.253349" lon="-122.406011"/>
      <trkpt lat="37.253137" lon="-122.405435"/>
      <trkpt lat="37.25251" lon="-122.403509"/>
      <trkpt lat="37.252361" lon="-122.403181"/>
      <trkpt lat="37.25211" lon="-122.402788"/>
      <trkpt lat="37.25191" lon="-122.402562"/>
      <trkpt lat="37.250609" lon="-122.401392"/>
      <trkpt lat="37.250434" lon="-122.401196"/>
      <trkpt lat="37.25015" lon="-122.400775"/>
      <trkpt lat="37.249906" lon="-122.400208"/>
      <trkpt lat="37.24979" lon="-122.399769"/>
      <trkpt lat="37.249735" lon="-122.399406"/>
      <trkpt lat="37.249719" lon="-122.398943"/>
      <trkpt lat="37.249783" lon="-122.398197"/>
      <trkpt lat="37.250423" lon="-122.392779"/>
      <trkpt lat="37.251644" lon="-122.383051"/>
      <trkpt lat="37.251664" lon="-122.382918"/>
      <trkpt lat="37.251957" lon="-122.382978"/>
      <trkpt lat="37.252032" lon="-122.382974"/>
      <trkpt lat="37.252734" lon="-122.383107"/>
      <trkpt lat="37.253457" lon="-122.383167"/>
      <trkpt lat="37.255244" lon="-122.383229"/>
      <trkpt lat="37.25529" lon="-122.383528"/>
      <trkpt lat="37.255366" lon="-122.383638"/>
      <trkpt lat="37.25546" lon="-122.383713"/>
      <trkpt lat="37.255308" lon="-122.38357"/>
      <trkpt lat="37.255277" lon="-122.383472"/>
      <trkpt lat="37.255244" lon="-122.383229"/>
      <trkpt lat="37.253403" lon="-122.383163"/>
      <trkpt lat="37.25268" lon="-122.383099"/>
      <trkpt lat="37.252" lon="-122.382968"/>
      <trkpt lat="37.251878" lon="-122.382969"/>
      <trkpt lat="37.251664" lon="-122.382918"/>
      <trkpt lat="37.25141" lon="-122.384861"/>
      <trkpt lat="37.250138" lon="-122.39512"/>
      <trkpt lat="37.249729" lon="-122.398737"/>
      <trkpt lat="37.24972" lon="-122.399173"/>
      <trkpt lat="37.249759" lon="-122.399594"/>
      <trkpt lat="37.249863" lon="-122.400067"/>
      <trkpt lat="37.250058" lon="-122.400584"/>
      <trkpt lat="37.250234" lon="-122.400913"/>
      <trkpt lat="37.250529" lon="-122.401307"/>
      <trkpt lat="37.250696" lon="-122.401478"/>
      <trkpt lat="37.251966" lon="-122.402619"/>
      <trkpt lat="37.252196" lon="-122.402907"/>
      <trkpt lat="37.252432" lon="-122.403322"/>
      <trkpt lat="37.252585" lon="-122.403725"/>
      <trkpt lat="37.253267" lon="-122.405814"/>
      <trkpt lat="37.253438" lon="-122.406189"/>
      <trkpt lat="37.253722" lon="-122.406618"/>
      <trkpt lat="37.253994" lon="-122.406917"/>
      <trkpt lat="37.254317" lon="-122.407177"/>
      <trkpt lat="37.255381" lon="-122.407756"/>
      <trkpt lat="37.258037" lon="-122.40914"/>
      <trkpt lat="37.258365" lon="-122.409359"/>
      <trkpt lat="37.258729" lon="-122.409716"/>
      <trkpt lat="37.25904" lon="-122.410148"/>
      <trkpt lat="37.259246" lon="-122.410533"/>
      <trkpt lat="37.259421" lon="-122.410982"/>
      <trkpt lat="37.259544" lon="-122.411487"/>
      <trkpt lat="37.259589" lon="-122.411818"/>
      <trkpt lat="37.259708" lon="-122.41324"/>
      <trkpt lat="37.258669" lon="-122.41346"/>
      <trkpt lat="37.258542" lon="-122.413471"/>
      <trkpt lat="37.255613" lon="-122.414113"/>
      <trkpt lat="37.254759" lon="-122.414367"/>
      <trkpt lat="37.253982" lon="-122.414652"/>
      <trkpt lat="37.25307" lon="-122.415067"/>
      <trkpt lat="37.249229" lon="-122.41692"/>
      <trkpt lat="37.248369" lon="-122.417257"/>
      <trkpt lat="37.247646" lon="-122.417462"/>
      <trkpt lat="37.246739" lon="-122.417646"/>
      <trkpt lat="37.242273" lon="-122.418026"/>
      <trkpt lat="37.241786" lon="-122.418008"/>
      <trkpt lat="37.241217" lon="-122.417915"/>
      <trkpt lat="37.240845" lon="-122.417817"/>
      <trkpt lat="37.2402" lon="-122.417553"/>
      <trkpt lat="37.239707" lon="-122.417277"/>
      <trkpt lat="37.239095" lon="-122.416834"/>
      <trkpt lat="37.238012" lon="-122.415998"/>
      <trkpt lat="37.237612" lon="-122.415755"/>
      <trkpt lat="37.237173" lon="-122.415567"/>
      <trkpt lat="37.236656" lon="-122.415419"/>
      <trkpt lat="37.234671" lon="-122.41509"/>
      <trkpt lat="37.233995" lon="-122.414893"/>
      <trkpt lat="37.233337" lon="-122.414608"/>
      <trkpt lat="37.232665" lon="-122.41421"/>
      <trkpt lat="37.232032" lon="-122.413727"/>
      <trkpt lat="37.224307" lon="-122.407218"/>
      <trkpt lat="37.223721" lon="-122.406837"/>
      <trkpt lat="37.223326" lon="-122.406633"/>
      <trkpt lat="37.222645" lon="-122.406372"/>
      <trkpt lat="37.221951" lon="-122.406215"/>
      <trkpt lat="37.221445" lon="-122.406151"/>
      <trkpt lat="37.220717" lon="-122.406137"/>
      <trkpt lat="37.215839" lon="-122.406296"/>
      <trkpt lat="37.214995" lon="-122.406233"/>
      <trkpt lat="37.214337" lon="-122.406129"/>
      <trkpt lat="37.213494" lon="-122.405912"/>
      <trkpt lat="37.212662" lon="-122.405619"/>
      <trkpt lat="37.210308" lon="-122.404536"/>
      <trkpt lat="37.203073" lon="-122.401182"/>
      <trkpt lat="37.202602" lon="-122.401021"/>
      <trkpt lat="37.202007" lon="-122.400894"/>
      <trkpt lat="37.199269" lon="-122.400672"/>
      <trkpt lat="37.198327" lon="-122.400595"/>
      <trkpt lat="37.197636" lon="-122.400483"/>
      <trkpt lat="37.197123" lon="-122.400343"/>
      <trkpt lat="37.196234" lon="-122.399991"/>
      <trkpt lat="37.195523" lon="-122.399591"/>
      <trkpt lat="37.194731" lon="-122.399042"/>
      <trkpt lat="37.189714" lon="-122.395215"/>
      <trkpt lat="37.189074" lon="-122.394767"/>
      <trkpt lat="37.188976" lon="-122.394651"/>
      <trkpt lat="37.186002" lon="-122.39237"/>
      <trkpt lat="37.185726" lon="-122.392123"/>
      <trkpt lat="37.185313" lon="-122.391662"/>
      <trkpt lat="37.185007" lon="-122.391233"/>
      <trkpt lat="37.184718" lon="-122.390709"/>
      <trkpt lat="37.184479" lon="-122.390113"/>
      <trkpt lat="37.184323" lon="-122.389617"/>
      <trkpt lat="37.184238" lon="-122.389236"/>
      <trkpt lat="37.184143" lon="-122.388556"/>
      <trkpt lat="37.183831" lon="-122.384857"/>
      <trkpt lat="37.183719" lon="-122.383682"/>
      <trkpt lat="37.183531" lon="-122.382511"/>
      <trkpt lat="37.183307" lon="-122.381528"/>
      <trkpt lat="37.183019" lon="-122.380545"/>
      <trkpt lat="37.182689" lon="-122.379636"/>
      <trkpt lat="37.182502" lon="-122.379192"/>
      <trkpt lat="37.181977" lon="-122.37813"/>
      <trkpt lat="37.175293" lon="-122.365865"/>
      <trkpt lat="37.174981" lon="-122.365391"/>
      <trkpt lat="37.17463" lon="-122.364954"/>
      <trkpt lat="37.174262" lon="-122.364562"/>
      <trkpt lat="37.173778" lon="-122.364142"/>
      <trkpt lat="37.173285" lon="-122.363806"/>
      <trkpt lat="37.172839" lon="-122.363569"/>
      <trkpt lat="37.171291" lon="-122.362935"/>
      <trkpt lat="37.164936" lon="-122.360414"/>
      <trkpt lat="37.164181" lon="-122.360079"/>
      <trkpt lat="37.163518" lon="-122.359701"/>
      <trkpt lat="37.162086" lon="-122.358735"/>
      <trkpt lat="37.157311" lon="-122.355427"/>
      <trkpt lat="37.15628" lon="-122.354604"/>
      <trkpt lat="37.155431" lon="-122.353846"/>
      <trkpt lat="37.151059" lon="-122.349742"/>
      <trkpt lat="37.150983" lon="-122.349663"/>
      <trkpt lat="37.150754" lon="-122.349486"/>
      <trkpt lat="37.150319" lon="-122.348968"/>
      <trkpt lat="37.149824" lon="-122.348272"/>
      <trkpt lat="37.149614" lon="-122.34793"/>
      <trkpt lat="37.149184" lon="-122.347094"/>
      <trkpt lat="37.148955" lon="-122.346603"/>
      <trkpt lat="37.148913" lon="-122.346349"/>
      <trkpt lat="37.148194" lon="-122.344323"/>
      <trkpt lat="37.144155" lon="-122.331992"/>
      <trkpt lat="37.141297" lon="-122.323494"/>
      <trkpt lat="37.141" lon="-122.322741"/>
      <trkpt lat="37.140778" lon="-122.322281"/>
      <trkpt lat="37.140524" lon="-122.321897"/>
      <trkpt lat="37.140457" lon="-122.321745"/>
      <trkpt lat="37.140006" lon="-122.321147"/>
      <trkpt lat="37.139563" lon="-122.320669"/>
      <trkpt lat="37.136329" lon="-122.317715"/>
      <trkpt lat="37.136086" lon="-122.317568"/>
      <trkpt lat="37.135449" lon="-122.316964"/>
      <trkpt lat="37.134373" lon="-122.315988"/>
      <trkpt lat="37.1342" lon="-122.315746"/>
      <trkpt lat="37.131618" lon="-122.313349"/>
      <trkpt lat="37.129845" lon="-122.311777"/>
      <trkpt lat="37.128753" lon="-122.310864"/>
      <trkpt lat="37.127929" lon="-122.310248"/>
      <trkpt lat="37.126941" lon="-122.309599"/>
      <trkpt lat="37.124622" lon="-122.308158"/>
      <trkpt lat="37.123992" lon="-122.30773"/>
      <trkpt lat="37.123137" lon="-122.307205"/>
      <trkpt lat="37.122579" lon="-122.306833"/>
      <trkpt lat="37.12102" lon="-122.305923"/>
      <trkpt lat="37.116347" lon="-122.303503"/>
      <trkpt lat="37.115758" lon="-122.30311"/>
      <trkpt lat="37.115226" lon="-122.302646"/>
      <trkpt lat="37.114794" lon="-122.302164"/>
      <trkpt lat="37.114393" lon="-122.301614"/>
      <trkpt lat="37.114096" lon="-122.301116"/>
      <trkpt lat="37.11206" lon="-122.297494"/>
      <trkpt lat="37.111675" lon="-122.296916"/>
      <trkpt lat="37.111258" lon="-122.296411"/>
      <trkpt lat="37.11055" lon="-122.29572"/>
      <trkpt lat="37.109049" lon="-122.294313"/>
      <trkpt lat="37.108488" lon="-122.293689"/>
      <trkpt lat="37.10633" lon="-122.290829"/>
      <trkpt lat="37.105568" lon="-122.289768"/>
      <trkpt lat="37.103161" lon="-122.286133"/>
      <trkpt lat="37.102776" lon="-122.28564"/>
      <trkpt lat="37.10223" lon="-122.285064"/>
      <trkpt lat="37.101758" lon="-122.284624"/>
      <trkpt lat="37.101296" lon="-122.284281"/>
      <trkpt lat="37.100283" lon="-122.283666"/>
      <trkpt lat="37.099862" lon="-122.283318"/>
      <trkpt lat="37.099332" lon="-122.282811"/>
      <trkpt lat="37.098874" lon="-122.282322"/>
      <trkpt lat="37.098275" lon="-122.281592"/>
      <trkpt lat="37.097793" lon="-122.280922"/>
      <trkpt lat="37.097444" lon="-122.280355"/>
      <trkpt lat="37.097206" lon="-122.279889"/>
      <trkpt lat="37.096502" lon="-122.278364"/>
      <trkpt lat="37.096116" lon="-122.277735"/>
      <trkpt lat="37.09574" lon="-122.27723"/>
      <trkpt lat="37.095024" lon="-122.276462"/>
      <trkpt lat="37.093791" lon="-122.275225"/>
      <trkpt lat="37.093303" lon="-122.274828"/>
      <trkpt lat="37.092809" lon="-122.274516"/>
      <trkpt lat="37.09242" lon="-122.274319"/>
      <trkpt lat="37.091939" lon="-122.274135"/>
      <trkpt lat="37.09142" lon="-122.274004"/>
      <trkpt lat="37.090132" lon="-122.27376"/>
      <trkpt lat="37.089647" lon="-122.273613"/>
      <trkpt lat="37.089067" lon="-122.273357"/>
      <trkpt lat="37.088601" lon="-122.273082"/>
      <trkpt lat="37.08804" lon="-122.272654"/>
      <trkpt lat="37.087713" lon="-122.272335"/>
      <trkpt lat="37.087121" lon="-122.271622"/>
      <trkpt lat="37.085746" lon="-122.269765"/>
      <trkpt lat="37.085073" lon="-122.268946"/>
      <trkpt lat="37.084379" lon="-122.26824"/>
      <trkpt lat="37.079174" lon="-122.263808"/>
      <trkpt lat="37.078613" lon="-122.26341"/>
      <trkpt lat="37.077957" lon="-122.263041"/>
      <trkpt lat="37.075839" lon="-122.261964"/>
      <trkpt lat="37.075183" lon="-122.261574"/>
      <trkpt lat="37.074541" lon="-122.261122"/>
      <trkpt lat="37.070592" lon="-122.257921"/>
      <trkpt lat="37.069211" lon="-122.256894"/>
      <trkpt lat="37.067645" lon="-122.255804"/>
      <trkpt lat="37.062409" lon="-122.252252"/>
      <trkpt lat="37.061809" lon="-122.251781"/>
      <trkpt lat="37.061158" lon="-122.251196"/>
      <trkpt lat="37.060222" lon="-122.250166"/>
      <trkpt lat="37.057434" lon="-122.246966"/>
      <trkpt lat="37.056486" lon="-122.246075"/>
      <trkpt lat="37.052957" lon="-122.242896"/>
      <trkpt lat="37.052496" lon="-122.242433"/>
      <trkpt lat="37.04053" lon="-122.228937"/>
      <trkpt lat="37.039896" lon="-122.228221"/>
      <trkpt lat="37.039402" lon="-122.227759"/>
      <trkpt lat="37.039016" lon="-122.227469"/>
      <trkpt lat="37.038499" lon="-122.227147"/>
      <trkpt lat="37.037955" lon="-122.226886"/>
      <trkpt lat="37.037689" lon="-122.226778"/>
      <trkpt lat="37.037305" lon="-122.226675"/>
      <trkpt lat="37.036257" lon="-122.226405"/>
      <trkpt lat="37.035984" lon="-122.226306"/>
      <trkpt lat="37.035406" lon="-122.226023"/>
      <trkpt lat="37.034816" lon="-122.225639"/>
      <trkpt lat="37.034384" lon="-122.225275"/>
      <trkpt lat="37.033912" lon="-122.224792"/>
      <trkpt lat="37.033534" lon="-122.2243"/>
      <trkpt lat="37.03284" lon="-122.223219"/>
      <trkpt lat="37.028217" lon="-122.215822"/>
      <trkpt lat="37.027849" lon="-122.215284"/>
      <trkpt lat="37.027481" lon="-122.214787"/>
      <trkpt lat="37.026881" lon="-122.214066"/>
      <trkpt lat="37.026523" lon="-122.213669"/>
      <trkpt lat="37.025121" lon="-122.212282"/>
      <trkpt lat="37.020794" lon="-122.208043"/>
      <trkpt lat="37.015247" lon="-122.201796"/>
      <trkpt lat="37.014313" lon="-122.200721"/>
      <trkpt lat="37.013923" lon="-122.200172"/>
      <trkpt lat="37.013407" lon="-122.199264"/>
      <trkpt lat="37.013013" lon="-122.198506"/>
      <trkpt lat="37.011812" lon="-122.196376"/>
      <trkpt lat="37.01156" lon="-122.195893"/>
      <trkpt lat="37.010945" lon="-122.194542"/>
      <trkpt lat="37.010143" lon="-122.192862"/>
      <trkpt lat="37.008589" lon="-122.189551"/>
      <trkpt lat="37.008115" lon="-122.188655"/>
      <trkpt lat="37.007606" lon="-122.187824"/>
      <trkpt lat="37.007119" lon="-122.187117"/>
      <trkpt lat="37.006743" lon="-122.186609"/>
      <trkpt lat="37.005993" lon="-122.185697"/>
      <trkpt lat="37.00298" lon="-122.182502"/>
      <trkpt lat="37.002877" lon="-122.182422"/>
      <trkpt lat="37.001" lon="-122.1805"/>
      <trkpt lat="37.00159" lon="-122.179581"/>
      <trkpt lat="37.001718" lon="-122.17934"/>
      <trkpt lat="37.001936" lon="-122.178815"/>
      <trkpt lat="37.002032" lon="-122.178678"/>
      <trkpt lat="37.002187" lon="-122.17856"/>
      <trkpt lat="37.00249" lon="-122.178387"/>
      <trkpt lat="37.002634" lon="-122.178243"/>
      <trkpt lat="37.002861" lon="-122.177904"/>
      <trkpt lat="37.003008" lon="-122.177804"/>
      <trkpt lat="37.003369" lon="-122.177679"/>
      <trkpt lat="37.003545" lon="-122.177574"/>
      <trkpt lat="37.003818" lon="-122.17733"/>
      <trkpt lat="37.00408" lon="-122.176989"/>
      <trkpt lat="37.00437" lon="-122.176476"/>
      <trkpt lat="37.004716" lon="-122.176043"/>
      <trkpt lat="37.004935" lon="-122.175846"/>
      <trkpt lat="37.005033" lon="-122.175791"/>
      <trkpt lat="37.00519" lon="-122.175771"/>
      <trkpt lat="37.005587" lon="-122.175797"/>
      <trkpt lat="37.005791" lon="-122.175767"/>
      <trkpt lat="37.006166" lon="-122.175581"/>
      <trkpt lat="37.006331" lon="-122.17556"/>
      <trkpt lat="37.006687" lon="-122.175661"/>
      <trkpt lat="37.006905" lon="-122.17567"/>
      <trkpt lat="37.007394" lon="-122.175585"/>
      <trkpt lat="37.007838" lon="-122.175565"/>
      <trkpt lat="37.008388" lon="-122.175338"/>
      <trkpt lat="37.009195" lon="-122.175164"/>
      <trkpt lat="37.009417" lon="-122.175088"/>
      <trkpt lat="37.009603" lon="-122.175075"/>
      <trkpt lat="37.009763" lon="-122.175118"/>
      <trkpt lat="37.01054" lon="-122.175469"/>
      <trkpt lat="37.010888" lon="-122.175789"/>
      <trkpt lat="37.011042" lon="-122.175906"/>
      <trkpt lat="37.011432" lon="-122.176067"/>
      <trkpt lat="37.011848" lon="-122.176301"/>
      <trkpt lat="37.012125" lon="-122.176405"/>
      <trkpt lat="37.012383" lon="-122.176408"/>
      <trkpt lat="37.012609" lon="-122.176279"/>
      <trkpt lat="37.013635" lon="-122.175526"/>
      <trkpt lat="37.013936" lon="-122.17528"/>
      <trkpt lat="37.014089" lon="-122.175082"/>
      <trkpt lat="37.014252" lon="-122.174951"/>
      <trkpt lat="37.015032" lon="-122.174558"/>
      <trkpt lat="37.015197" lon="-122.174412"/>
      <trkpt lat="37.015358" lon="-122.174179"/>
      <trkpt lat="37.015489" lon="-122.173879"/>
      <trkpt lat="37.015524" lon="-122.173659"/>
      <trkpt lat="37.015506" lon="-122.17339"/>
      <trkpt lat="37.015475" lon="-122.173093"/>
      <trkpt lat="37.015494" lon="-122.172915"/>
      <trkpt lat="37.015608" lon="-122.172569"/>
      <trkpt lat="37.015844" lon="-122.172148"/>
      <trkpt lat="37.01614" lon="-122.171663"/>
      <trkpt lat="37.016201" lon="-122.171452"/>
      <trkpt lat="37.016457" lon="-122.169898"/>
      <trkpt lat="37.016704" lon="-122.169143"/>
      <trkpt lat="37.016954" lon="-122.168629"/>
      <trkpt lat="37.017316" lon="-122.168023"/>
      <trkpt lat="37.017489" lon="-122.167812"/>
      <trkpt lat="37.017923" lon="-122.167412"/>
      <trkpt lat="37.018102" lon="-122.167295"/>
      <trkpt lat="37.018312" lon="-122.167247"/>
      <trkpt lat="37.018682" lon="-122.167218"/>
      <trkpt lat="37.019217" lon="-122.16711"/>
      <trkpt lat="37.02052" lon="-122.16696"/>
      <trkpt lat="37.020905" lon="-122.166837"/>
      <trkpt lat="37.021438" lon="-122.166616"/>
      <trkpt lat="37.021833" lon="-122.166411"/>
      <trkpt lat="37.022818" lon="-122.166129"/>
      <trkpt lat="37.024057" lon="-122.165852"/>
      <trkpt lat="37.024548" lon="-122.165659"/>
      <trkpt lat="37.025223" lon="-122.165267"/>
      <trkpt lat="37.025461" lon="-122.165091"/>
      <trkpt lat="37.025588" lon="-122.164933"/>
      <trkpt lat="37.025847" lon="-122.164483"/>
      <trkpt lat="37.026292" lon="-122.163729"/>
      <trkpt lat="37.0265" lon="-122.163445"/>
      <trkpt lat="37.026691" lon="-122.163279"/>
      <trkpt lat="37.026943" lon="-122.163136"/>
      <trkpt lat="37.028044" lon="-122.16288"/>
      <trkpt lat="37.028793" lon="-122.162713"/>
      <trkpt lat="37.028992" lon="-122.162605"/>
      <trkpt lat="37.029166" lon="-122.162445"/>
      <trkpt lat="37.029318" lon="-122.162218"/>
      <trkpt lat="37.029414" lon="-122.161981"/>
      <trkpt lat="37.029463" lon="-122.16171"/>
      <trkpt lat="37.029492" lon="-122.161038"/>
      <trkpt lat="37.029578" lon="-122.160511"/>
      <trkpt lat="37.029703" lon="-122.160203"/>
      <trkpt lat="37.029827" lon="-122.160013"/>
      <trkpt lat="37.029968" lon="-122.159863"/>
      <trkpt lat="37.030186" lon="-122.159728"/>
      <trkpt lat="37.030508" lon="-122.159576"/>
      <trkpt lat="37.030708" lon="-122.15939"/>
      <trkpt lat="37.030813" lon="-122.159231"/>
      <trkpt lat="37.03092" lon="-122.158973"/>
      <trkpt lat="37.031105" lon="-122.158491"/>
      <trkpt lat="37.031503" lon="-122.157752"/>
      <trkpt lat="37.03365" lon="-122.153909"/>
      <trkpt lat="37.033901" lon="-122.153562"/>
      <trkpt lat="37.034301" lon="-122.153103"/>
      <trkpt lat="37.034657" lon="-122.152777"/>
      <trkpt lat="37.035128" lon="-122.152449"/>
      <trkpt lat="37.035747" lon="-122.152155"/>
      <trkpt lat="37.036151" lon="-122.152026"/>
      <trkpt lat="37.036674" lon="-122.151941"/>
      <trkpt lat="37.037673" lon="-122.151923"/>
      <trkpt lat="37.039959" lon="-122.15193"/>
      <trkpt lat="37.040364" lon="-122.151794"/>
      <trkpt lat="37.040579" lon="-122.151664"/>
      <trkpt lat="37.040836" lon="-122.151423"/>
      <trkpt lat="37.041341" lon="-122.150832"/>
      <trkpt lat="37.04155" lon="-122.150665"/>
      <trkpt lat="37.041694" lon="-122.150601"/>
      <trkpt lat="37.041842" lon="-122.150578"/>
      <trkpt lat="37.042511" lon="-122.150595"/>
      <trkpt lat="37.043034" lon="-122.150522"/>
      <trkpt lat="37.043251" lon="-122.150435"/>
      <trkpt lat="37.043675" lon="-122.150109"/>
      <trkpt lat="37.043913" lon="-122.14996"/>
      <trkpt lat="37.044166" lon="-122.149861"/>
      <trkpt lat="37.044228" lon="-122.149969"/>
      <trkpt lat="37.04527" lon="-122.151008"/>
      <trkpt lat="37.046167" lon="-122.151774"/>
      <trkpt lat="37.047535" lon="-122.152895"/>
      <trkpt lat="37.048012" lon="-122.153184"/>
      <trkpt lat="37.048211" lon="-122.153267"/>
      <trkpt lat="37.048882" lon="-122.153348"/>
      <trkpt lat="37.049577" lon="-122.153334"/>
      <trkpt lat="37.050077" lon="-122.153285"/>
      <trkpt lat="37.050385" lon="-122.153515"/>
      <trkpt lat="37.0508" lon="-122.153913"/>
      <trkpt lat="37.051057" lon="-122.154085"/>
      <trkpt lat="37.051393" lon="-122.154185"/>
      <trkpt lat="37.051714" lon="-122.154226"/>
      <trkpt lat="37.052168" lon="-122.154223"/>
      <trkpt lat="37.052971" lon="-122.154076"/>
      <trkpt lat="37.053827" lon="-122.153862"/>
      <trkpt lat="37.054581" lon="-122.153587"/>
      <trkpt lat="37.055374" lon="-122.153203"/>
      <trkpt lat="37.057055" lon="-122.152259"/>
      <trkpt lat="37.057929" lon="-122.151784"/>
      <trkpt lat="37.059564" lon="-122.150562"/>
      <trkpt lat="37.060761" lon="-122.149561"/>
      <trkpt lat="37.061492" lon="-122.148903"/>
      <trkpt lat="37.062387" lon="-122.148329"/>
      <trkpt lat="37.062608" lon="-122.148114"/>
      <trkpt lat="37.063024" lon="-122.147551"/>
      <trkpt lat="37.063374" lon="-122.147179"/>
      <trkpt lat="37.063703" lon="-122.146833"/>
      <trkpt lat="37.06379" lon="-122.1467"/>
      <trkpt lat="37.063869" lon="-122.146465"/>
      <trkpt lat="37.064047" lon="-122.145638"/>
      <trkpt lat="37.064185" lon="-122.14528"/>
      <trkpt lat="37.064292" lon="-122.145077"/>
      <trkpt lat="37.064444" lon="-122.144892"/>
      <trkpt lat="37.065144" lon="-122.1442"/>
      <trkpt lat="37.065314" lon="-122.143942"/>
      <trkpt lat="37.065417" lon="-122.143711"/>
      <trkpt lat="37.065841" lon="-122.142536"/>
      <trkpt lat="37.066018" lon="-122.142017"/>
      <trkpt lat="37.066287" lon="-122.141476"/>
      <trkpt lat="37.06634" lon="-122.141402"/>
      <trkpt lat="37.066468" lon="-122.141283"/>
      <trkpt lat="37.066691" lon="-122.141194"/>
      <trkpt lat="37.066906" lon="-122.141195"/>
      <trkpt lat="37.068378" lon="-122.141587"/>
      <trkpt lat="37.068891" lon="-122.141792"/>
      <trkpt lat="37.069153" lon="-122.141952"/>
      <trkpt lat="37.070932" lon="-122.143418"/>
      <trkpt lat="37.071405" lon="-122.143796"/>
      <trkpt lat="37.071658" lon="-122.143894"/>
      <trkpt lat="37.07195" lon="-122.143903"/>
      <trkpt lat="37.072334" lon="-122.143806"/>
      <trkpt lat="37.074222" lon="-122.143145"/>
      <trkpt lat="37.077595" lon="-122.142036"/>
      <trkpt lat="37.07772" lon="-122.142021"/>
      <trkpt lat="37.077941" lon="-122.142055"/>
      <trkpt lat="37.078394" lon="-122.142365"/>
      <trkpt lat="37.078573" lon="-122.142408"/>
      <trkpt lat="37.078747" lon="-122.142384"/>
      <trkpt lat="37.078851" lon="-122.142294"/>
      <trkpt lat="37.07898" lon="-122.142063"/>
      <trkpt lat="37.079191" lon="-122.141441"/>
      <trkpt lat="37.079274" lon="-122.141189"/>
      <trkpt lat="37.079367" lon="-122.141028"/>
      <trkpt lat="37.079519" lon="-122.140932"/>
      <trkpt lat="37.079691" lon="-122.140888"/>
      <trkpt lat="37.07993" lon="-122.14093"/>
      <trkpt lat="37.080511" lon="-122.141148"/>
      <trkpt lat="37.080659" lon="-122.141138"/>
      <trkpt lat="37.080793" lon="-122.14105"/>
      <trkpt lat="37.08087" lon="-122.140963"/>
      <trkpt lat="37.081104" lon="-122.140588"/>
      <trkpt lat="37.081279" lon="-122.140193"/>
      <trkpt lat="37.081291" lon="-122.140118"/>
      <trkpt lat="37.081262" lon="-122.139978"/>
      <trkpt lat="37.081196" lon="-122.139891"/>
      <trkpt lat="37.081061" lon="-122.139798"/>
      <trkpt lat="37.080925" lon="-122.139756"/>
      <trkpt lat="37.080388" lon="-122.139683"/>
      <trkpt lat="37.079974" lon="-122.139592"/>
      <trkpt lat="37.079647" lon="-122.139442"/>
      <trkpt lat="37.079509" lon="-122.139342"/>
      <trkpt lat="37.079345" lon="-122.139067"/>
      <trkpt lat="37.078643" lon="-122.137569"/>
      <trkpt lat="37.078514" lon="-122.137181"/>
      <trkpt lat="37.078453" lon="-122.136805"/>
      <trkpt lat="37.078458" lon="-122.136482"/>
      <trkpt lat="37.0785" lon="-122.136243"/>
      <trkpt lat="37.078565" lon="-122.13608"/>
      <trkpt lat="37.078914" lon="-122.135505"/>
      <trkpt lat="37.079024" lon="-122.135199"/>
      <trkpt lat="37.079034" lon="-122.135023"/>
      <trkpt lat="37.078998" lon="-122.134884"/>
      <trkpt lat="37.078548" lon="-122.133915"/>
      <trkpt lat="37.078757" lon="-122.133568"/>
      <trkpt lat="37.081217" lon="-122.134423"/>
      <trkpt lat="37.081666" lon="-122.134622"/>
      <trkpt lat="37.084522" lon="-122.135626"/>
      <trkpt lat="37.084854" lon="-122.135735"/>
      <trkpt lat="37.085345" lon="-122.135963"/>
      <trkpt lat="37.085556" lon="-122.136082"/>
      <trkpt lat="37.085735" lon="-122.136134"/>
      <trkpt lat="37.086006" lon="-122.136114"/>
      <trkpt lat="37.086647" lon="-122.136023"/>
      <trkpt lat="37.086871" lon="-122.136038"/>
      <trkpt lat="37.087375" lon="-122.136222"/>
      <trkpt lat="37.087763" lon="-122.136428"/>
      <trkpt lat="37.087967" lon="-122.136585"/>
      <trkpt lat="37.088682" lon="-122.137382"/>
      <trkpt lat="37.09189" lon="-122.140399"/>
      <trkpt lat="37.092356" lon="-122.140769"/>
      <trkpt lat="37.092837" lon="-122.141049"/>
      <trkpt lat="37.093014" lon="-122.141085"/>
      <trkpt lat="37.093535" lon="-122.141081"/>
      <trkpt lat="37.09487" lon="-122.141036"/>
      <trkpt lat="37.095286" lon="-122.141062"/>
      <trkpt lat="37.095593" lon="-122.141155"/>
      <trkpt lat="37.095872" lon="-122.14133"/>
      <trkpt lat="37.09619" lon="-122.14165"/>
      <trkpt lat="37.096372" lon="-122.141901"/>
      <trkpt lat="37.096665" lon="-122.142324"/>
      <trkpt lat="37.096908" lon="-122.142555"/>
      <trkpt lat="37.097024" lon="-122.142624"/>
      <trkpt lat="37.0973" lon="-122.142664"/>
      <trkpt lat="37.098409" lon="-122.142768"/>
      <trkpt lat="37.098646" lon="-122.142856"/>
      <trkpt lat="37.098784" lon="-122.14296"/>
      <trkpt lat="37.099121" lon="-122.143485"/>
      <trkpt lat="37.099325" lon="-122.143668"/>
      <trkpt lat="37.099513" lon="-122.143743"/>
      <trkpt lat="37.099683" lon="-122.143722"/>
      <trkpt lat="37.09992" lon="-122.143601"/>
      <trkpt lat="37.100245" lon="-122.143362"/>
      <trkpt lat="37.100848" lon="-122.142719"/>
      <trkpt lat="37.101072" lon="-122.142548"/>
      <trkpt lat="37.101344" lon="-122.142373"/>
      <trkpt lat="37.101581" lon="-122.142166"/>
      <trkpt lat="37.102372" lon="-122.141644"/>
      <trkpt lat="37.103187" lon="-122.141169"/>
      <trkpt lat="37.103696" lon="-122.140901"/>
      <trkpt lat="37.103873" lon="-122.14087"/>
      <trkpt lat="37.104108" lon="-122.14095"/>
      <trkpt lat="37.104412" lon="-122.14112"/>
      <trkpt lat="37.105" lon="-122.141695"/>
      <trkpt lat="37.105566" lon="-122.142252"/>
      <trkpt lat="37.105942" lon="-122.142508"/>
      <trkpt lat="37.106401" lon="-122.142733"/>
      <trkpt lat="37.106914" lon="-122.142966"/>
      <trkpt lat="37.107302" lon="-122.143247"/>
      <trkpt lat="37.107634" lon="-122.143566"/>
      <trkpt lat="37.108036" lon="-122.144039"/>
      <trkpt lat="37.108174" lon="-122.144307"/>
      <trkpt lat="37.108242" lon="-122.14456"/>
      <trkpt lat="37.108416" lon="-122.145616"/>
      <trkpt lat="37.108544" lon="-122.145938"/>
      <trkpt lat="37.10866" lon="-122.146117"/>
      <trkpt lat="37.109085" lon="-122.146542"/>
      <trkpt lat="37.110336" lon="-122.147586"/>
      <trkpt lat="37.110468" lon="-122.147738"/>
      <trkpt lat="37.11058" lon="-122.147973"/>
      <trkpt lat="37.110659" lon="-122.14824"/>
      <trkpt lat="37.110836" lon="-122.149108"/>
      <trkpt lat="37.110971" lon="-122.149536"/>
      <trkpt lat="37.111174" lon="-122.149965"/>
      <trkpt lat="37.111467" lon="-122.150434"/>
      <trkpt lat="37.11176" lon="-122.150748"/>
      <trkpt lat="37.112585" lon="-122.151481"/>
      <trkpt lat="37.11343" lon="-122.152369"/>
      <trkpt lat="37.113602" lon="-122.152627"/>
      <trkpt lat="37.114239" lon="-122.153777"/>
      <trkpt lat="37.114485" lon="-122.154111"/>
      <trkpt lat="37.114652" lon="-122.154274"/>
      <trkpt lat="37.116108" lon="-122.155294"/>
      <trkpt lat="37.117492" lon="-122.156202"/>
      <trkpt lat="37.11847" lon="-122.156779"/>
      <trkpt lat="37.11973" lon="-122.157663"/>
      <trkpt lat="37.121463" lon="-122.158969"/>
      <trkpt lat="37.121914" lon="-122.159259"/>
      <trkpt lat="37.122135" lon="-122.159322"/>
      <trkpt lat="37.122395" lon="-122.159341"/>
      <trkpt lat="37.123016" lon="-122.159307"/>
      <trkpt lat="37.123327" lon="-122.15939"/>
      <trkpt lat="37.123568" lon="-122.159542"/>
      <trkpt lat="37.12392" lon="-122.159909"/>
      <trkpt lat="37.1246" lon="-122.160723"/>
      <trkpt lat="37.124848" lon="-122.161103"/>
      <trkpt lat="37.125405" lon="-122.162206"/>
      <trkpt lat="37.125596" lon="-122.162475"/>
      <trkpt lat="37.125885" lon="-122.162753"/>
      <trkpt lat="37.126578" lon="-122.163201"/>
      <trkpt lat="37.127862" lon="-122.164005"/>
      <trkpt lat="37.128099" lon="-122.164216"/>
      <trkpt lat="37.128292" lon="-122.164471"/>
      <trkpt lat="37.129337" lon="-122.166265"/>
      <trkpt lat="37.129592" lon="-122.166606"/>
      <trkpt lat="37.129948" lon="-122.166987"/>
      <trkpt lat="37.130599" lon="-122.167541"/>
      <trkpt lat="37.131368" lon="-122.16814"/>
      <trkpt lat="37.131641" lon="-122.168356"/>
      <trkpt lat="37.131936" lon="-122.168553"/>
      <trkpt lat="37.132988" lon="-122.169156"/>
      <trkpt lat="37.133272" lon="-122.169412"/>
      <trkpt lat="37.134489" lon="-122.17076"/>
      <trkpt lat="37.13522" lon="-122.171512"/>
      <trkpt lat="37.135623" lon="-122.171857"/>
      <trkpt lat="37.135993" lon="-122.172097"/>
      <trkpt lat="37.136633" lon="-122.172422"/>
      <trkpt lat="37.136965" lon="-122.172536"/>
      <trkpt lat="37.137364" lon="-122.172624"/>
      <trkpt lat="37.137825" lon="-122.172794"/>
      <trkpt lat="37.138504" lon="-122.173093"/>
      <trkpt lat="37.138842" lon="-122.17324"/>
      <trkpt lat="37.138994" lon="-122.173356"/>
      <trkpt lat="37.139084" lon="-122.173483"/>
      <trkpt lat="37.139135" lon="-122.173655"/>
      <trkpt lat="37.139156" lon="-122.173843"/>
      <trkpt lat="37.139127" lon="-122.174174"/>
      <trkpt lat="37.138909" lon="-122.175061"/>
      <trkpt lat="37.138797" lon="-122.175529"/>
      <trkpt lat="37.138675" lon="-122.175801"/>
      <trkpt lat="37.138543" lon="-122.17608"/>
      <trkpt lat="37.138481" lon="-122.176337"/>
      <trkpt lat="37.138488" lon="-122.177949"/>
      <trkpt lat="37.138544" lon="-122.178217"/>
      <trkpt lat="37.138634" lon="-122.1784"/>
      <trkpt lat="37.138843" lon="-122.178611"/>
      <trkpt lat="37.139104" lon="-122.178749"/>
      <trkpt lat="37.139349" lon="-122.17885"/>
      <trkpt lat="37.139529" lon="-122.178981"/>
      <trkpt lat="37.139774" lon="-122.179265"/>
      <trkpt lat="37.139876" lon="-122.179445"/>
      <trkpt lat="37.139969" lon="-122.179687"/>
      <trkpt lat="37.14007" lon="-122.180179"/>
      <trkpt lat="37.140207" lon="-122.18142"/>
      <trkpt lat="37.140188" lon="-122.1819"/>
      <trkpt lat="37.14001" lon="-122.182862"/>
      <trkpt lat="37.139999" lon="-122.183349"/>
      <trkpt lat="37.140086" lon="-122.183617"/>
      <trkpt lat="37.140201" lon="-122.183799"/>
      <trkpt lat="37.140379" lon="-122.18398"/>
      <trkpt lat="37.140735" lon="-122.184256"/>
      <trkpt lat="37.141173" lon="-122.184491"/>
      <trkpt lat="37.141306" lon="-122.18462"/>
      <trkpt lat="37.141381" lon="-122.184774"/>
      <trkpt lat="37.141499" lon="-122.185201"/>
      <trkpt lat="37.14187" lon="-122.187026"/>
      <trkpt lat="37.141898" lon="-122.187294"/>
      <trkpt lat="37.142339" lon="-122.186482"/>
      <trkpt lat="37.142658" lon="-122.185937"/>
      <trkpt lat="37.142815" lon="-122.18558"/>
      <trkpt lat="37.142881" lon="-122.185245"/>
      <trkpt lat="37.142897" lon="-122.184867"/>
      <trkpt lat="37.14287" lon="-122.184743"/>
      <trkpt lat="37.142791" lon="-122.184596"/>
      <trkpt lat="37.142372" lon="-122.184142"/>
      <trkpt lat="37.142289" lon="-122.184018"/>
      <trkpt lat="37.14226" lon="-122.183898"/>
      <trkpt lat="37.142282" lon="-122.183692"/>
      <trkpt lat="37.142401" lon="-122.183485"/>
      <trkpt lat="37.142518" lon="-122.183282"/>
      <trkpt lat="37.142545" lon="-122.183114"/>
      <trkpt lat="37.142475" lon="-122.182762"/>
      <trkpt lat="37.142383" lon="-122.182502"/>
      <trkpt lat="37.142272" lon="-122.182362"/>
      <trkpt lat="37.142079" lon="-122.182219"/>
      <trkpt lat="37.142" lon="-122.182098"/>
      <trkpt lat="37.141965" lon="-122.181955"/>
      <trkpt lat="37.141982" lon="-122.181756"/>
      <trkpt lat="37.142024" lon="-122.181664"/>
      <trkpt lat="37.142125" lon="-122.181566"/>
      <trkpt lat="37.142261" lon="-122.181521"/>
      <trkpt lat="37.142374" lon="-122.181549"/>
      <trkpt lat="37.142515" lon="-122.18166"/>
      <trkpt lat="37.142838" lon="-122.18203"/>
      <trkpt lat="37.142986" lon="-122.182314"/>
      <trkpt lat="37.143105" lon="-122.182547"/>
      <trkpt lat="37.143193" lon="-122.182605"/>
      <trkpt lat="37.143303" lon="-122.18259"/>
      <trkpt lat="37.143381" lon="-122.182516"/>
      <trkpt lat="37.143419" lon="-122.182394"/>
      <trkpt lat="37.143409" lon="-122.182295"/>
      <trkpt lat="37.143236" lon="-122.181945"/>
      <trkpt lat="37.143198" lon="-122.181704"/>
      <trkpt lat="37.143176" lon="-122.181278"/>
      <trkpt lat="37.143123" lon="-122.181031"/>
      <trkpt lat="37.143037" lon="-122.18081"/>
      <trkpt lat="37.143027" lon="-122.180709"/>
      <trkpt lat="37.143066" lon="-122.180544"/>
      <trkpt lat="37.143132" lon="-122.180464"/>
      <trkpt lat="37.143908" lon="-122.180085"/>
      <trkpt lat="37.144054" lon="-122.180098"/>
      <trkpt lat="37.144299" lon="-122.180228"/>
      <trkpt lat="37.144742" lon="-122.180496"/>
      <trkpt lat="37.144927" lon="-122.180547"/>
      <trkpt lat="37.145153" lon="-122.180563"/>
      <trkpt lat="37.145434" lon="-122.180695"/>
      <trkpt lat="37.14558" lon="-122.180707"/>
      <trkpt lat="37.145837" lon="-122.180648"/>
      <trkpt lat="37.14596" lon="-122.180583"/>
      <trkpt lat="37.14629" lon="-122.180291"/>
      <trkpt lat="37.146492" lon="-122.18019"/>
      <trkpt lat="37.146655" lon="-122.180119"/>
      <trkpt lat="37.146807" lon="-122.179999"/>
      <trkpt lat="37.146941" lon="-122.179786"/>
      <trkpt lat="37.147038" lon="-122.179512"/>
      <trkpt lat="37.147176" lon="-122.17898"/>
      <trkpt lat="37.147143" lon="-122.1789"/>
      <trkpt lat="37.147062" lon="-122.178831"/>
      <trkpt lat="37.14652" lon="-122.178559"/>
      <trkpt lat="37.146483" lon="-122.178494"/>
      <trkpt lat="37.146491" lon="-122.178409"/>
      <trkpt lat="37.146561" lon="-122.178311"/>
      <trkpt lat="37.146776" lon="-122.178137"/>
      <trkpt lat="37.147035" lon="-122.177816"/>
      <trkpt lat="37.147188" lon="-122.177758"/>
      <trkpt lat="37.147346" lon="-122.177717"/>
      <trkpt lat="37.147478" lon="-122.177635"/>
      <trkpt lat="37.147606" lon="-122.177513"/>
      <trkpt lat="37.147687" lon="-122.177356"/>
      <trkpt lat="37.147726" lon="-122.17719"/>
      <trkpt lat="37.147728" lon="-122.177101"/>
      <trkpt lat="37.147646" lon="-122.176796"/>
      <trkpt lat="37.147639" lon="-122.17659"/>
      <trkpt lat="37.147701" lon="-122.176433"/>
      <trkpt lat="37.147851" lon="-122.176279"/>
      <trkpt lat="37.148047" lon="-122.176166"/>
      <trkpt lat="37.148148" lon="-122.176049"/>
      <trkpt lat="37.148217" lon="-122.175818"/>
      <trkpt lat="37.148214" lon="-122.175618"/>
      <trkpt lat="37.148157" lon="-122.175423"/>
      <trkpt lat="37.148068" lon="-122.175209"/>
      <trkpt lat="37.147948" lon="-122.174469"/>
      <trkpt lat="37.147965" lon="-122.174307"/>
      <trkpt lat="37.148029" lon="-122.174229"/>
      <trkpt lat="37.148096" lon="-122.174213"/>
      <trkpt lat="37.148228" lon="-122.174278"/>
      <trkpt lat="37.14834" lon="-122.174397"/>
      <trkpt lat="37.148507" lon="-122.174783"/>
      <trkpt lat="37.148615" lon="-122.1749"/>
      <trkpt lat="37.149068" lon="-122.175146"/>
      <trkpt lat="37.149198" lon="-122.175281"/>
      <trkpt lat="37.149231" lon="-122.175426"/>
      <trkpt lat="37.149143" lon="-122.175955"/>
      <trkpt lat="37.149125" lon="-122.176692"/>
      <trkpt lat="37.149075" lon="-122.176831"/>
      <trkpt lat="37.148878" lon="-122.177121"/>
      <trkpt lat="37.148858" lon="-122.177245"/>
      <trkpt lat="37.148884" lon="-122.17734"/>
      <trkpt lat="37.148922" lon="-122.177408"/>
      <trkpt lat="37.149015" lon="-122.177477"/>
      <trkpt lat="37.149192" lon="-122.177504"/>
      <trkpt lat="37.149829" lon="-122.177267"/>
      <trkpt lat="37.149988" lon="-122.177138"/>
      <trkpt lat="37.150179" lon="-122.176931"/>
      <trkpt lat="37.15029" lon="-122.176913"/>
      <trkpt lat="37.150362" lon="-122.176973"/>
      <trkpt lat="37.150597" lon="-122.177506"/>
      <trkpt lat="37.150931" lon="-122.178036"/>
      <trkpt lat="37.151021" lon="-122.178106"/>
      <trkpt lat="37.151132" lon="-122.178104"/>
      <trkpt lat="37.151201" lon="-122.178043"/>
      <trkpt lat="37.151237" lon="-122.177943"/>
      <trkpt lat="37.151217" lon="-122.177766"/>
      <trkpt lat="37.151152" lon="-122.177557"/>
      <trkpt lat="37.150805" lon="-122.176973"/>
      <trkpt lat="37.150734" lon="-122.176678"/>
      <trkpt lat="37.150697" lon="-122.17602"/>
      <trkpt lat="37.150562" lon="-122.175359"/>
      <trkpt lat="37.150497" lon="-122.175045"/>
      <trkpt lat="37.150479" lon="-122.174683"/>
      <trkpt lat="37.15051" lon="-122.174375"/>
      <trkpt lat="37.150548" lon="-122.174124"/>
      <trkpt lat="37.15053" lon="-122.173976"/>
      <trkpt lat="37.150458" lon="-122.173864"/>
      <trkpt lat="37.150208" lon="-122.173659"/>
      <trkpt lat="37.150091" lon="-122.173479"/>
      <trkpt lat="37.149999" lon="-122.173205"/>
      <trkpt lat="37.14993" lon="-122.172705"/>
      <trkpt lat="37.14985" lon="-122.172469"/>
      <trkpt lat="37.149532" lon="-122.171965"/>
      <trkpt lat="37.149441" lon="-122.171732"/>
      <trkpt lat="37.149208" lon="-122.170376"/>
      <trkpt lat="37.149208" lon="-122.17004"/>
      <trkpt lat="37.149269" lon="-122.169716"/>
      <trkpt lat="37.149408" lon="-122.16937"/>
      <trkpt lat="37.150041" lon="-122.168145"/>
      <trkpt lat="37.150131" lon="-122.16782"/>
      <trkpt lat="37.150154" lon="-122.167344"/>
      <trkpt lat="37.150143" lon="-122.166822"/>
      <trkpt lat="37.150082" lon="-122.166537"/>
      <trkpt lat="37.149861" lon="-122.165995"/>
      <trkpt lat="37.149789" lon="-122.165625"/>
      <trkpt lat="37.149778" lon="-122.16531"/>
      <trkpt lat="37.149806" lon="-122.164754"/>
      <trkpt lat="37.149762" lon="-122.164512"/>
      <trkpt lat="37.149668" lon="-122.164298"/>
      <trkpt lat="37.149319" lon="-122.163843"/>
      <trkpt lat="37.148409" lon="-122.16297"/>
      <trkpt lat="37.148109" lon="-122.162553"/>
      <trkpt lat="37.147955" lon="-122.162201"/>
      <trkpt lat="37.147727" lon="-122.16158"/>
      <trkpt lat="37.147463" lon="-122.161103"/>
      <trkpt lat="37.146906" lon="-122.16017"/>
      <trkpt lat="37.14659" lon="-122.159304"/>
      <trkpt lat="37.14628" lon="-122.158453"/>
      <trkpt lat="37.146228" lon="-122.158189"/>
      <trkpt lat="37.146206" lon="-122.157816"/>
      <trkpt lat="37.146554" lon="-122.157947"/>
      <trkpt lat="37.14677" lon="-122.157961"/>
      <trkpt lat="37.14712" lon="-122.157891"/>
      <trkpt lat="37.148216" lon="-122.157557"/>
      <trkpt lat="37.148348" lon="-122.157503"/>
      <trkpt lat="37.148582" lon="-122.157309"/>
      <trkpt lat="37.148854" lon="-122.157183"/>
      <trkpt lat="37.14906" lon="-122.157352"/>
      <trkpt lat="37.149275" lon="-122.157666"/>
      <trkpt lat="37.149564" lon="-122.158229"/>
      <trkpt lat="37.149735" lon="-122.158471"/>
      <trkpt lat="37.150315" lon="-122.159121"/>
      <trkpt lat="37.150648" lon="-122.159373"/>
      <trkpt lat="37.151294" lon="-122.159776"/>
      <trkpt lat="37.151803" lon="-122.160087"/>
      <trkpt lat="37.15212" lon="-122.160437"/>
      <trkpt lat="37.152323" lon="-122.160667"/>
      <trkpt lat="37.152505" lon="-122.160823"/>
      <trkpt lat="37.152986" lon="-122.161082"/>
      <trkpt lat="37.15366" lon="-122.16141"/>
      <trkpt lat="37.154624" lon="-122.161823"/>
      <trkpt lat="37.154893" lon="-122.161892"/>
      <trkpt lat="37.155455" lon="-122.161907"/>
      <trkpt lat="37.157129" lon="-122.161796"/>
      <trkpt lat="37.157446" lon="-122.16183"/>
      <trkpt lat="37.157743" lon="-122.161923"/>
      <trkpt lat="37.15832" lon="-122.162193"/>
      <trkpt lat="37.159439" lon="-122.162682"/>
      <trkpt lat="37.159772" lon="-122.162771"/>
      <trkpt lat="37.160271" lon="-122.162829"/>
      <trkpt lat="37.161042" lon="-122.16283"/>
      <trkpt lat="37.161501" lon="-122.162705"/>
      <trkpt lat="37.162306" lon="-122.162425"/>
      <trkpt lat="37.163928" lon="-122.162094"/>
      <trkpt lat="37.164101" lon="-122.162095"/>
      <trkpt lat="37.16432" lon="-122.162173"/>
      <trkpt lat="37.164486" lon="-122.16229"/>
      <trkpt lat="37.164687" lon="-122.162524"/>
      <trkpt lat="37.166527" lon="-122.165201"/>
      <trkpt lat="37.167039" lon="-122.165616"/>
      <trkpt lat="37.168163" lon="-122.166809"/>
      <trkpt lat="37.168324" lon="-122.167057"/>
      <trkpt lat="37.169729" lon="-122.169862"/>
      <trkpt lat="37.170199" lon="-122.170788"/>
      <trkpt lat="37.170303" lon="-122.170925"/>
      <trkpt lat="37.170402" lon="-122.170993"/>
      <trkpt lat="37.170524" lon="-122.171011"/>
      <trkpt lat="37.170652" lon="-122.170962"/>
      <trkpt lat="37.170722" lon="-122.170871"/>
      <trkpt lat="37.170752" lon="-122.170747"/>
      <trkpt lat="37.170744" lon="-122.170634"/>
      <trkpt lat="37.170624" lon="-122.170301"/>
      <trkpt lat="37.170184" lon="-122.169259"/>
      <trkpt lat="37.169915" lon="-122.168421"/>
      <trkpt lat="37.169726" lon="-122.167787"/>
      <trkpt lat="37.169699" lon="-122.167563"/>
      <trkpt lat="37.169735" lon="-122.16744"/>
      <trkpt lat="37.169855" lon="-122.167295"/>
      <trkpt lat="37.169977" lon="-122.167255"/>
      <trkpt lat="37.170114" lon="-122.167274"/>
      <trkpt lat="37.170231" lon="-122.167364"/>
      <trkpt lat="37.170296" lon="-122.167494"/>
      <trkpt lat="37.170316" lon="-122.167653"/>
      <trkpt lat="37.170275" lon="-122.168138"/>
      <trkpt lat="37.170312" lon="-122.168384"/>
      <trkpt lat="37.170428" lon="-122.168703"/>
      <trkpt lat="37.170682" lon="-122.169106"/>
      <trkpt lat="37.171241" lon="-122.16989"/>
      <trkpt lat="37.171337" lon="-122.169991"/>
      <trkpt lat="37.171625" lon="-122.170421"/>
      <trkpt lat="37.171755" lon="-122.170736"/>
      <trkpt lat="37.172358" lon="-122.172616"/>
      <trkpt lat="37.172477" lon="-122.172844"/>
      <trkpt lat="37.172731" lon="-122.173253"/>
      <trkpt lat="37.172819" lon="-122.173543"/>
      <trkpt lat="37.172862" lon="-122.174127"/>
      <trkpt lat="37.172948" lon="-122.174499"/>
      <trkpt lat="37.173295" lon="-122.17554"/>
      <trkpt lat="37.173327" lon="-122.175774"/>
      <trkpt lat="37.173316" lon="-122.175904"/>
      <trkpt lat="37.173171" lon="-122.17625"/>
      <trkpt lat="37.172732" lon="-122.177039"/>
      <trkpt lat="37.172625" lon="-122.177409"/>
      <trkpt lat="37.17256" lon="-122.177726"/>
      <trkpt lat="37.172495" lon="-122.177884"/>
      <trkpt lat="37.17237" lon="-122.178047"/>
      <trkpt lat="37.172208" lon="-122.178158"/>
      <trkpt lat="37.171833" lon="-122.178283"/>
      <trkpt lat="37.171583" lon="-122.178455"/>
      <trkpt lat="37.171214" lon="-122.178774"/>
      <trkpt lat="37.17111" lon="-122.178887"/>
      <trkpt lat="37.170932" lon="-122.179195"/>
      <trkpt lat="37.170875" lon="-122.179433"/>
      <trkpt lat="37.17087" lon="-122.179598"/>
      <trkpt lat="37.171255" lon="-122.182034"/>
      <trkpt lat="37.171229" lon="-122.182405"/>
      <trkpt lat="37.171094" lon="-122.182881"/>
      <trkpt lat="37.170776" lon="-122.183552"/>
      <trkpt lat="37.170158" lon="-122.184663"/>
      <trkpt lat="37.169848" lon="-122.18524"/>
      <trkpt lat="37.169635" lon="-122.18546"/>
      <trkpt lat="37.169242" lon="-122.185711"/>
      <trkpt lat="37.168901" lon="-122.185771"/>
      <trkpt lat="37.168304" lon="-122.185767"/>
      <trkpt lat="37.168059" lon="-122.185826"/>
      <trkpt lat="37.167859" lon="-122.18594"/>
      <trkpt lat="37.167552" lon="-122.186249"/>
      <trkpt lat="37.166842" lon="-122.187081"/>
      <trkpt lat="37.166421" lon="-122.187652"/>
      <trkpt lat="37.166302" lon="-122.187862"/>
      <trkpt lat="37.165629" lon="-122.188768"/>
      <trkpt lat="37.165508" lon="-122.188989"/>
      <trkpt lat="37.165417" lon="-122.189239"/>
      <trkpt lat="37.165341" lon="-122.189748"/>
      <trkpt lat="37.165275" lon="-122.190923"/>
      <trkpt lat="37.165299" lon="-122.191771"/>
      <trkpt lat="37.165381" lon="-122.192829"/>
      <trkpt lat="37.165378" lon="-122.193064"/>
      <trkpt lat="37.165297" lon="-122.193294"/>
      <trkpt lat="37.165128" lon="-122.193576"/>
      <trkpt lat="37.165018" lon="-122.194251"/>
      <trkpt lat="37.164996" lon="-122.194369"/>
      <trkpt lat="37.16494" lon="-122.194492"/>
      <trkpt lat="37.16467" lon="-122.194745"/>
      <trkpt lat="37.164456" lon="-122.194979"/>
      <trkpt lat="37.164355" lon="-122.195214"/>
      <trkpt lat="37.16431" lon="-122.195562"/>
      <trkpt lat="37.16432" lon="-122.196075"/>
      <trkpt lat="37.164275" lon="-122.196267"/>
      <trkpt lat="37.164158" lon="-122.196484"/>
      <trkpt lat="37.16373" lon="-122.196887"/>
      <trkpt lat="37.163593" lon="-122.197071"/>
      <trkpt lat="37.16349" lon="-122.197361"/>
      <trkpt lat="37.163477" lon="-122.197531"/>
      <trkpt lat="37.163505" lon="-122.197697"/>
      <trkpt lat="37.163564" lon="-122.19787"/>
      <trkpt lat="37.163684" lon="-122.198066"/>
      <trkpt lat="37.163867" lon="-122.19826"/>
      <trkpt lat="37.164368" lon="-122.198703"/>
      <trkpt lat="37.164797" lon="-122.199108"/>
      <trkpt lat="37.164976" lon="-122.199126"/>
      <trkpt lat="37.165497" lon="-122.198957"/>
      <trkpt lat="37.165877" lon="-122.198896"/>
      <trkpt lat="37.166033" lon="-122.198809"/>
      <trkpt lat="37.166188" lon="-122.198652"/>
      <trkpt lat="37.16625" lon="-122.198549"/>
      <trkpt lat="37.166345" lon="-122.198216"/>
      <trkpt lat="37.166429" lon="-122.198138"/>
      <trkpt lat="37.166881" lon="-122.19686"/>
      <trkpt lat="37.16701" lon="-122.196655"/>
      <trkpt lat="37.167116" lon="-122.196558"/>
      <trkpt lat="37.167266" lon="-122.196526"/>
      <trkpt lat="37.167464" lon="-122.196554"/>
      <trkpt lat="37.167617" lon="-122.19666"/>
      <trkpt lat="37.167769" lon="-122.196854"/>
      <trkpt lat="37.167826" lon="-122.196989"/>
      <trkpt lat="37.167805" lon="-122.198114"/>
      <trkpt lat="37.167759" lon="-122.199261"/>
      <trkpt lat="37.167706" lon="-122.19957"/>
      <trkpt lat="37.167612" lon="-122.1998"/>
      <trkpt lat="37.16734" lon="-122.200283"/>
      <trkpt lat="37.167107" lon="-122.20057"/>
      <trkpt lat="37.166952" lon="-122.200689"/>
      <trkpt lat="37.16643" lon="-122.200965"/>
      <trkpt lat="37.16604" lon="-122.201263"/>
      <trkpt lat="37.165908" lon="-122.201427"/>
      <trkpt lat="37.165729" lon="-122.2018"/>
      <trkpt lat="37.165665" lon="-122.202081"/>
      <trkpt lat="37.165596" lon="-122.202858"/>
      <trkpt lat="37.165598" lon="-122.203148"/>
      <trkpt lat="37.165637" lon="-122.203404"/>
      <trkpt lat="37.165748" lon="-122.20373"/>
      <trkpt lat="37.166539" lon="-122.205673"/>
      <trkpt lat="37.166735" lon="-122.206395"/>
      <trkpt lat="37.166873" lon="-122.207195"/>
      <trkpt lat="37.167024" lon="-122.207624"/>
      <trkpt lat="37.167285" lon="-122.208166"/>
      <trkpt lat="37.167398" lon="-122.208741"/>
      <trkpt lat="37.167522" lon="-122.209628"/>
      <trkpt lat="37.167636" lon="-122.209925"/>
      <trkpt lat="37.167817" lon="-122.210314"/>
      <trkpt lat="37.168016" lon="-122.21099"/>
      <trkpt lat="37.168148" lon="-122.211296"/>
      <trkpt lat="37.168368" lon="-122.211747"/>
      <trkpt lat="37.168426" lon="-122.211967"/>
      <trkpt lat="37.168433" lon="-122.212245"/>
      <trkpt lat="37.168367" lon="-122.212897"/>
      <trkpt lat="37.168387" lon="-122.213343"/>
      <trkpt lat="37.168427" lon="-122.213723"/>
      <trkpt lat="37.16843" lon="-122.213937"/>
      <trkpt lat="37.168393" lon="-122.214287"/>
      <trkpt lat="37.168424" lon="-122.214613"/>
      <trkpt lat="37.168528" lon="-122.214856"/>
      <trkpt lat="37.168744" lon="-122.215256"/>
      <trkpt lat="37.168779" lon="-122.215462"/>
      <trkpt lat="37.168734" lon="-122.215868"/>
      <trkpt lat="37.168622" lon="-122.216541"/>
      <trkpt lat="37.168595" lon="-122.216827"/>
      <trkpt lat="37.168498" lon="-122.219312"/>
      <trkpt lat="37.168487" lon="-122.219761"/>
      <trkpt lat="37.168503" lon="-122.220367"/>
      <trkpt lat="37.168433" lon="-122.220971"/>
      <trkpt lat="37.16841" lon="-122.221116"/>
      <trkpt lat="37.168424" lon="-122.221328"/>
      <trkpt lat="37.168525" lon="-122.221582"/>
      <trkpt lat="37.168648" lon="-122.221725"/>
      <trkpt lat="37.168921" lon="-122.221906"/>
      <trkpt lat="37.169466" lon="-122.222076"/>
      <trkpt lat="37.169935" lon="-122.222347"/>
      <trkpt lat="37.170254" lon="-122.222448"/>
      <trkpt lat="37.170463" lon="-122.222438"/>
      <trkpt lat="37.171173" lon="-122.22229"/>
      <trkpt lat="37.171935" lon="-122.222079"/>
      <trkpt lat="37.172257" lon="-122.222007"/>
      <trkpt lat="37.172492" lon="-122.222316"/>
      <trkpt lat="37.172555" lon="-122.222376"/>
      <trkpt lat="37.172027" lon="-122.222312"/>
      <trkpt lat="37.171696" lon="-122.222302"/>
      <trkpt lat="37.171619" lon="-122.222267"/>
      <trkpt lat="37.171524" lon="-122.222195"/>
      <trkpt lat="37.170807" lon="-122.222373"/>
      <trkpt lat="37.170422" lon="-122.222445"/>
      <trkpt lat="37.170211" lon="-122.222439"/>
      <trkpt lat="37.169904" lon="-122.222332"/>
      <trkpt lat="37.169411" lon="-122.222052"/>
      <trkpt lat="37.168921" lon="-122.221906"/>
      <trkpt lat="37.168641" lon="-122.221719"/>
      <trkpt lat="37.168512" lon="-122.22156"/>
      <trkpt lat="37.168422" lon="-122.221318"/>
      <trkpt lat="37.168411" lon="-122.221094"/>
      <trkpt lat="37.168488" lon="-122.22054"/>
      <trkpt lat="37.168503" lon="-122.220184"/>
      <trkpt lat="37.168487" lon="-122.219537"/>
      <trkpt lat="37.168559" lon="-122.217734"/>
      <trkpt lat="37.168597" lon="-122.216755"/>
      <trkpt lat="37.168688" lon="-122.216098"/>
      <trkpt lat="37.168774" lon="-122.21557"/>
      <trkpt lat="37.168769" lon="-122.215353"/>
      <trkpt lat="37.168704" lon="-122.215168"/>
      <trkpt lat="37.168461" lon="-122.214719"/>
      <trkpt lat="37.168411" lon="-122.214529"/>
      <trkpt lat="37.168394" lon="-122.214266"/>
      <trkpt lat="37.16843" lon="-122.213834"/>
      <trkpt lat="37.168399" lon="-122.213424"/>
      <trkpt lat="37.168366" lon="-122.21302"/>
      <trkpt lat="37.168391" lon="-122.212616"/>
      <trkpt lat="37.168437" lon="-122.212117"/>
      <trkpt lat="37.168414" lon="-122.211904"/>
      <trkpt lat="37.168362" lon="-122.211731"/>
      <trkpt lat="37.16808" lon="-122.211154"/>
      <trkpt lat="37.167977" lon="-122.210864"/>
      <trkpt lat="37.167817" lon="-122.210314"/>
      <trkpt lat="37.167546" lon="-122.209716"/>
      <trkpt lat="37.167476" lon="-122.209345"/>
      <trkpt lat="37.16736" lon="-122.208517"/>
      <trkpt lat="37.167285" lon="-122.208166"/>
      <trkpt lat="37.167201" lon="-122.207978"/>
      <trkpt lat="37.167024" lon="-122.207624"/>
      <trkpt lat="37.166873" lon="-122.207195"/>
      <trkpt lat="37.166709" lon="-122.20627"/>
      <trkpt lat="37.166485" lon="-122.20552"/>
      <trkpt lat="37.165692" lon="-122.203587"/>
      <trkpt lat="37.165614" lon="-122.203292"/>
      <trkpt lat="37.165594" lon="-122.202952"/>
      <trkpt lat="37.165632" lon="-122.202409"/>
      <trkpt lat="37.165688" lon="-122.201944"/>
      <trkpt lat="37.165749" lon="-122.201749"/>
      <trkpt lat="37.165908" lon="-122.201427"/>
      <trkpt lat="37.166081" lon="-122.201226"/>
      <trkpt lat="37.166477" lon="-122.200937"/>
      <trkpt lat="37.167039" lon="-122.200634"/>
      <trkpt lat="37.167246" lon="-122.200407"/>
      <trkpt lat="37.167367" lon="-122.200239"/>
      <trkpt lat="37.167663" lon="-122.199688"/>
      <trkpt lat="37.167728" lon="-122.199464"/>
      <trkpt lat="37.167766" lon="-122.199151"/>
      <trkpt lat="37.167819" lon="-122.197662"/>
      <trkpt lat="37.167826" lon="-122.196989"/>
      <trkpt lat="37.167743" lon="-122.196807"/>
      <trkpt lat="37.167549" lon="-122.196602"/>
      <trkpt lat="37.167429" lon="-122.196545"/>
      <trkpt lat="37.167239" lon="-122.196526"/>
      <trkpt lat="37.167116" lon="-122.196558"/>
      <trkpt lat="37.16701" lon="-122.196655"/>
      <trkpt lat="37.166847" lon="-122.196932"/>
      <trkpt lat="37.166429" lon="-122.198138"/>
      <trkpt lat="37.166345" lon="-122.198216"/>
      <trkpt lat="37.16625" lon="-122.198549"/>
      <trkpt lat="37.166188" lon="-122.198652"/>
      <trkpt lat="37.166024" lon="-122.198815"/>
      <trkpt lat="37.165877" lon="-122.198896"/>
      <trkpt lat="37.165421" lon="-122.198975"/>
      <trkpt lat="37.164976" lon="-122.199126"/>
      <trkpt lat="37.164797" lon="-122.199108"/>
      <trkpt lat="37.16398" lon="-122.198351"/>
      <trkpt lat="37.163754" lon="-122.198152"/>
      <trkpt lat="37.16362" lon="-122.197978"/>
      <trkpt lat="37.163526" lon="-122.197761"/>
      <trkpt lat="37.163484" lon="-122.197599"/>
      <trkpt lat="37.163481" lon="-122.197425"/>
      <trkpt lat="37.163533" lon="-122.197217"/>
      <trkpt lat="37.163593" lon="-122.197071"/>
      <trkpt lat="37.163813" lon="-122.196797"/>
      <trkpt lat="37.164158" lon="-122.196484"/>
      <trkpt lat="37.164281" lon="-122.196251"/>
      <trkpt lat="37.164322" lon="-122.196042"/>
      <trkpt lat="37.164314" lon="-122.195477"/>
      <trkpt lat="37.164368" lon="-122.19517"/>
      <trkpt lat="37.164463" lon="-122.194968"/>
      <trkpt lat="37.16467" lon="-122.194745"/>
      <trkpt lat="37.16494" lon="-122.194492"/>
      <trkpt lat="37.16501" lon="-122.194326"/>
      <trkpt lat="37.165101" lon="-122.193702"/>
      <trkpt lat="37.165143" lon="-122.193539"/>
      <trkpt lat="37.165323" lon="-122.193244"/>
      <trkpt lat="37.165378" lon="-122.193064"/>
      <trkpt lat="37.165378" lon="-122.1927"/>
      <trkpt lat="37.165286" lon="-122.191545"/>
      <trkpt lat="37.165275" lon="-122.190923"/>
      <trkpt lat="37.165341" lon="-122.189748"/>
      <trkpt lat="37.165417" lon="-122.189239"/>
      <trkpt lat="37.16555" lon="-122.188896"/>
      <trkpt lat="37.165846" lon="-122.188467"/>
      <trkpt lat="37.166348" lon="-122.187783"/>
      <trkpt lat="37.166504" lon="-122.187534"/>
      <trkpt lat="37.167038" lon="-122.186838"/>
      <trkpt lat="37.16757" lon="-122.18623"/>
      <trkpt lat="37.167909" lon="-122.185903"/>
      <trkpt lat="37.168124" lon="-122.1858"/>
      <trkpt lat="37.168379" lon="-122.185765"/>
      <trkpt lat="37.168901" lon="-122.185771"/>
      <trkpt lat="37.169242" lon="-122.185711"/>
      <trkpt lat="37.169635" lon="-122.18546"/>
      <trkpt lat="37.169848" lon="-122.18524"/>
      <trkpt lat="37.170568" lon="-122.18392"/>
      <trkpt lat="37.170865" lon="-122.183385"/>
      <trkpt lat="37.171122" lon="-122.1828"/>
      <trkpt lat="37.171229" lon="-122.182405"/>
      <trkpt lat="37.171255" lon="-122.182034"/>
      <trkpt lat="37.17092" lon="-122.179909"/>
      <trkpt lat="37.17087" lon="-122.179598"/>
      <trkpt lat="37.170888" lon="-122.179341"/>
      <trkpt lat="37.170932" lon="-122.179195"/>
      <trkpt lat="37.17111" lon="-122.178887"/>
      <trkpt lat="37.171408" lon="-122.178598"/>
      <trkpt lat="37.171785" lon="-122.178309"/>
      <trkpt lat="37.172086" lon="-122.178197"/>
      <trkpt lat="37.172257" lon="-122.178134"/>
      <trkpt lat="37.172413" lon="-122.178002"/>
      <trkpt lat="37.172531" lon="-122.177815"/>
      <trkpt lat="37.172605" lon="-122.177512"/>
      <trkpt lat="37.172685" lon="-122.17717"/>
      <trkpt lat="37.172807" lon="-122.176886"/>
      <trkpt lat="37.173198" lon="-122.176195"/>
      <trkpt lat="37.173322" lon="-122.175869"/>
      <trkpt lat="37.173324" lon="-122.175686"/>
      <trkpt lat="37.173253" lon="-122.175405"/>
      <trkpt lat="37.172928" lon="-122.174433"/>
      <trkpt lat="37.172856" lon="-122.174061"/>
      <trkpt lat="37.172819" lon="-122.173543"/>
      <trkpt lat="37.172731" lon="-122.173253"/>
      <trkpt lat="37.172406" lon="-122.172718"/>
      <trkpt lat="37.172279" lon="-122.172389"/>
      <trkpt lat="37.171685" lon="-122.170544"/>
      <trkpt lat="37.171531" lon="-122.170267"/>
      <trkpt lat="37.171337" lon="-122.169991"/>
      <trkpt lat="37.171217" lon="-122.169857"/>
      <trkpt lat="37.170525" lon="-122.168873"/>
      <trkpt lat="37.170394" lon="-122.168627"/>
      <trkpt lat="37.170296" lon="-122.168312"/>
      <trkpt lat="37.170276" lon="-122.168086"/>
      <trkpt lat="37.170314" lon="-122.167586"/>
      <trkpt lat="37.170271" lon="-122.167431"/>
      <trkpt lat="37.170178" lon="-122.16731"/>
      <trkpt lat="37.170034" lon="-122.167254"/>
      <trkpt lat="37.169886" lon="-122.167275"/>
      <trkpt lat="37.169767" lon="-122.167389"/>
      <trkpt lat="37.169704" lon="-122.167528"/>
      <trkpt lat="37.169699" lon="-122.167628"/>
      <trkpt lat="37.169732" lon="-122.167814"/>
      <trkpt lat="37.170112" lon="-122.169058"/>
      <trkpt lat="37.170268" lon="-122.169459"/>
      <trkpt lat="37.170713" lon="-122.17053"/>
      <trkpt lat="37.170754" lon="-122.170706"/>
      <trkpt lat="37.170734" lon="-122.17084"/>
      <trkpt lat="37.170693" lon="-122.170925"/>
      <trkpt lat="37.170577" lon="-122.171002"/>
      <trkpt lat="37.170432" lon="-122.171002"/>
      <trkpt lat="37.170367" lon="-122.170976"/>
      <trkpt lat="37.170252" lon="-122.170867"/>
      <trkpt lat="37.170043" lon="-122.170499"/>
      <trkpt lat="37.168918" lon="-122.168241"/>
      <trkpt lat="37.168265" lon="-122.166954"/>
      <trkpt lat="37.168052" lon="-122.166677"/>
      <trkpt lat="37.167039" lon="-122.165616"/>
      <trkpt lat="37.16672" lon="-122.165351"/>
      <trkpt lat="37.166527" lon="-122.165201"/>
      <trkpt lat="37.164621" lon="-122.162438"/>
      <trkpt lat="37.164438" lon="-122.16225"/>
      <trkpt lat="37.1642" lon="-122.162118"/>
      <trkpt lat="37.163995" lon="-122.162084"/>
      <trkpt lat="37.162473" lon="-122.162381"/>
      <trkpt lat="37.16198" lon="-122.162535"/>
      <trkpt lat="37.16115" lon="-122.162811"/>
      <trkpt lat="37.160865" lon="-122.162837"/>
      <trkpt lat="37.160086" lon="-122.162817"/>
      <trkpt lat="37.159529" lon="-122.162715"/>
      <trkpt lat="37.158829" lon="-122.162424"/>
      <trkpt lat="37.15832" lon="-122.162193"/>
      <trkpt lat="37.157615" lon="-122.161876"/>
      <trkpt lat="37.157267" lon="-122.161803"/>
      <trkpt lat="37.156908" lon="-122.161804"/>
      <trkpt lat="37.155434" lon="-122.161907"/>
      <trkpt lat="37.154893" lon="-122.161892"/>
      <trkpt lat="37.154563" lon="-122.1618"/>
      <trkpt lat="37.153425" lon="-122.161298"/>
      <trkpt lat="37.152602" lon="-122.160884"/>
      <trkpt lat="37.15238" lon="-122.160725"/>
      <trkpt lat="37.152201" lon="-122.160538"/>
      <trkpt lat="37.151863" lon="-122.160139"/>
      <trkpt lat="37.151597" lon="-122.15995"/>
      <trkpt lat="37.150825" lon="-122.159489"/>
      <trkpt lat="37.150347" lon="-122.159149"/>
      <trkpt lat="37.14986" lon="-122.158618"/>
      <trkpt lat="37.14964" lon="-122.158345"/>
      <trkpt lat="37.149446" lon="-122.158001"/>
      <trkpt lat="37.149218" lon="-122.157571"/>
      <trkpt lat="37.14906" lon="-122.157352"/>
      <trkpt lat="37.148854" lon="-122.157183"/>
      <trkpt lat="37.148582" lon="-122.157309"/>
      <trkpt lat="37.148348" lon="-122.157503"/>
      <trkpt lat="37.147259" lon="-122.157851"/>
      <trkpt lat="37.14686" lon="-122.157949"/>
      <trkpt lat="37.146594" lon="-122.157953"/>
      <trkpt lat="37.146284" lon="-122.157853"/>
      <trkpt lat="37.146033" lon="-122.157703"/>
      <trkpt lat="37.144941" lon="-122.15687"/>
      <trkpt lat="37.144887" lon="-122.156794"/>
      <trkpt lat="37.144139" lon="-122.156227"/>
      <trkpt lat="37.143865" lon="-122.156071"/>
      <trkpt lat="37.14369" lon="-122.155914"/>
      <trkpt lat="37.143637" lon="-122.155798"/>
      <trkpt lat="37.143531" lon="-122.155373"/>
      <trkpt lat="37.143452" lon="-122.155206"/>
      <trkpt lat="37.142971" lon="-122.15451"/>
      <trkpt lat="37.142549" lon="-122.153865"/>
      <trkpt lat="37.142271" lon="-122.153483"/>
      <trkpt lat="37.141765" lon="-122.152946"/>
      <trkpt lat="37.14143" lon="-122.152695"/>
      <trkpt lat="37.141223" lon="-122.152617"/>
      <trkpt lat="37.140843" lon="-122.152576"/>
      <trkpt lat="37.140304" lon="-122.152524"/>
      <trkpt lat="37.140115" lon="-122.152451"/>
      <trkpt lat="37.13998" lon="-122.152282"/>
      <trkpt lat="37.139915" lon="-122.1521"/>
      <trkpt lat="37.139861" lon="-122.151726"/>
      <trkpt lat="37.139847" lon="-122.151293"/>
      <trkpt lat="37.139884" lon="-122.15107"/>
      <trkpt lat="37.139955" lon="-122.150748"/>
      <trkpt lat="37.139942" lon="-122.150554"/>
      <trkpt lat="37.13978" lon="-122.150044"/>
      <trkpt lat="37.139492" lon="-122.149353"/>
      <trkpt lat="37.139256" lon="-122.148742"/>
      <trkpt lat="37.138973" lon="-122.148127"/>
      <trkpt lat="37.13881" lon="-122.147768"/>
      <trkpt lat="37.138579" lon="-122.147458"/>
      <trkpt lat="37.138365" lon="-122.147178"/>
      <trkpt lat="37.138283" lon="-122.146953"/>
      <trkpt lat="37.138295" lon="-122.145905"/>
      <trkpt lat="37.13832" lon="-122.145378"/>
      <trkpt lat="37.138281" lon="-122.145094"/>
      <trkpt lat="37.13815" lon="-122.144769"/>
      <trkpt lat="37.138091" lon="-122.144427"/>
      <trkpt lat="37.138099" lon="-122.144255"/>
      <trkpt lat="37.13816" lon="-122.144019"/>
      <trkpt lat="37.138483" lon="-122.143112"/>
      <trkpt lat="37.138205" lon="-122.142728"/>
      <trkpt lat="37.137897" lon="-122.142421"/>
      <trkpt lat="37.137498" lon="-122.142158"/>
      <trkpt lat="37.136919" lon="-122.141843"/>
      <trkpt lat="37.136498" lon="-122.14169"/>
      <trkpt lat="37.136141" lon="-122.141491"/>
      <trkpt lat="37.135723" lon="-122.141205"/>
      <trkpt lat="37.134714" lon="-122.140413"/>
      <trkpt lat="37.134413" lon="-122.140095"/>
      <trkpt lat="37.134236" lon="-122.139851"/>
      <trkpt lat="37.133708" lon="-122.138991"/>
      <trkpt lat="37.133546" lon="-122.138851"/>
      <trkpt lat="37.132927" lon="-122.138535"/>
      <trkpt lat="37.132802" lon="-122.138424"/>
      <trkpt lat="37.132635" lon="-122.138172"/>
      <trkpt lat="37.13233" lon="-122.137546"/>
      <trkpt lat="37.132162" lon="-122.137304"/>
      <trkpt lat="37.131906" lon="-122.137046"/>
      <trkpt lat="37.131534" lon="-122.136468"/>
      <trkpt lat="37.130727" lon="-122.135037"/>
      <trkpt lat="37.130256" lon="-122.134246"/>
      <trkpt lat="37.130008" lon="-122.133984"/>
      <trkpt lat="37.129795" lon="-122.133867"/>
      <trkpt lat="37.12924" lon="-122.133677"/>
      <trkpt lat="37.129064" lon="-122.13357"/>
      <trkpt lat="37.128841" lon="-122.133333"/>
      <trkpt lat="37.127897" lon="-122.132108"/>
      <trkpt lat="37.127687" lon="-122.131929"/>
      <trkpt lat="37.127146" lon="-122.131605"/>
      <trkpt lat="37.126915" lon="-122.131393"/>
      <trkpt lat="37.126716" lon="-122.131093"/>
      <trkpt lat="37.126001" lon="-122.129615"/>
      <trkpt lat="37.125623" lon="-122.12871"/>
      <trkpt lat="37.125229" lon="-122.127607"/>
      <trkpt lat="37.124937" lon="-122.126654"/>
      <trkpt lat="37.124897" lon="-122.126246"/>
      <trkpt lat="37.124889" lon="-122.124696"/>
      <trkpt lat="37.12497" lon="-122.1242"/>
      <trkpt lat="37.125303" lon="-122.122625"/>
      <trkpt lat="37.125377" lon="-122.122304"/>
      <trkpt lat="37.123359" lon="-122.121651"/>
      <trkpt lat="37.12133" lon="-122.121031"/>
      <trkpt lat="37.115877" lon="-122.120314"/>
      <trkpt lat="37.115633" lon="-122.120241"/>
      <trkpt lat="37.115402" lon="-122.1201"/>
      <trkpt lat="37.115194" lon="-122.119906"/>
      <trkpt lat="37.114969" lon="-122.119611"/>
      <trkpt lat="37.114613" lon="-122.11906"/>
      <trkpt lat="37.114423" lon="-122.118878"/>
      <trkpt lat="37.114162" lon="-122.118703"/>
      <trkpt lat="37.1137" lon="-122.118486"/>
      <trkpt lat="37.113465" lon="-122.11829"/>
      <trkpt lat="37.113258" lon="-122.118008"/>
      <trkpt lat="37.113145" lon="-122.117722"/>
      <trkpt lat="37.113102" lon="-122.117434"/>
      <trkpt lat="37.113075" lon="-122.11674"/>
      <trkpt lat="37.112952" lon="-122.116167"/>
      <trkpt lat="37.11291" lon="-122.115735"/>
      <trkpt lat="37.112839" lon="-122.115444"/>
      <trkpt lat="37.112777" lon="-122.11532"/>
      <trkpt lat="37.112556" lon="-122.115001"/>
      <trkpt lat="37.112389" lon="-122.114839"/>
      <trkpt lat="37.111986" lon="-122.114535"/>
      <trkpt lat="37.111709" lon="-122.114396"/>
      <trkpt lat="37.111142" lon="-122.114325"/>
      <trkpt lat="37.110814" lon="-122.114339"/>
      <trkpt lat="37.110457" lon="-122.114452"/>
      <trkpt lat="37.109352" lon="-122.114824"/>
      <trkpt lat="37.109197" lon="-122.114815"/>
      <trkpt lat="37.10896" lon="-122.114689"/>
      <trkpt lat="37.108521" lon="-122.114315"/>
      <trkpt lat="37.108202" lon="-122.113942"/>
      <trkpt lat="37.108058" lon="-122.113738"/>
      <trkpt lat="37.107864" lon="-122.113335"/>
      <trkpt lat="37.107803" lon="-122.11318"/>
      <trkpt lat="37.107723" lon="-122.11276"/>
      <trkpt lat="37.107675" lon="-122.112438"/>
      <trkpt lat="37.107591" lon="-122.112135"/>
      <trkpt lat="37.107583" lon="-122.111939"/>
      <trkpt lat="37.107619" lon="-122.111794"/>
      <trkpt lat="37.107781" lon="-122.111456"/>
      <trkpt lat="37.107813" lon="-122.111297"/>
      <trkpt lat="37.107799" lon="-122.111109"/>
      <trkpt lat="37.107659" lon="-122.110475"/>
      <trkpt lat="37.107649" lon="-122.110249"/>
      <trkpt lat="37.107683" lon="-122.110044"/>
      <trkpt lat="37.107784" lon="-122.109688"/>
      <trkpt lat="37.10782" lon="-122.109118"/>
      <trkpt lat="37.107814" lon="-122.108443"/>
      <trkpt lat="37.107765" lon="-122.108163"/>
      <trkpt lat="37.107648" lon="-122.107823"/>
      <trkpt lat="37.107598" lon="-122.107705"/>
      <trkpt lat="37.107065" lon="-122.107142"/>
      <trkpt lat="37.106862" lon="-122.106966"/>
      <trkpt lat="37.106528" lon="-122.106587"/>
      <trkpt lat="37.106179" lon="-122.106188"/>
      <trkpt lat="37.105819" lon="-122.105785"/>
      <trkpt lat="37.105489" lon="-122.105507"/>
      <trkpt lat="37.105134" lon="-122.105318"/>
      <trkpt lat="37.104838" lon="-122.105173"/>
      <trkpt lat="37.104691" lon="-122.105038"/>
      <trkpt lat="37.104404" lon="-122.104605"/>
      <trkpt lat="37.104291" lon="-122.104506"/>
      <trkpt lat="37.104102" lon="-122.104438"/>
      <trkpt lat="37.103857" lon="-122.104433"/>
      <trkpt lat="37.103578" lon="-122.104482"/>
      <trkpt lat="37.103061" lon="-122.104368"/>
      <trkpt lat="37.102877" lon="-122.104378"/>
      <trkpt lat="37.102689" lon="-122.10441"/>
      <trkpt lat="37.102488" lon="-122.104377"/>
      <trkpt lat="37.102107" lon="-122.104195"/>
      <trkpt lat="37.101879" lon="-122.104017"/>
      <trkpt lat="37.101714" lon="-122.10386"/>
      <trkpt lat="37.101557" lon="-122.10365"/>
      <trkpt lat="37.101412" lon="-122.103354"/>
      <trkpt lat="37.101266" lon="-122.102938"/>
      <trkpt lat="37.101147" lon="-122.102427"/>
      <trkpt lat="37.10104" lon="-122.101855"/>
      <trkpt lat="37.100942" lon="-122.10169"/>
      <trkpt lat="37.100568" lon="-122.101349"/>
      <trkpt lat="37.100422" lon="-122.101271"/>
      <trkpt lat="37.100283" lon="-122.10125"/>
      <trkpt lat="37.100038" lon="-122.101263"/>
      <trkpt lat="37.099928" lon="-122.101214"/>
      <trkpt lat="37.099798" lon="-122.101074"/>
      <trkpt lat="37.099758" lon="-122.101018"/>
      <trkpt lat="37.09958" lon="-122.100039"/>
      <trkpt lat="37.099491" lon="-122.099831"/>
      <trkpt lat="37.09918" lon="-122.099443"/>
      <trkpt lat="37.098935" lon="-122.098828"/>
      <trkpt lat="37.09881" lon="-122.098631"/>
      <trkpt lat="37.098286" lon="-122.097938"/>
      <trkpt lat="37.098116" lon="-122.097779"/>
      <trkpt lat="37.097973" lon="-122.097718"/>
      <trkpt lat="37.096037" lon="-122.097427"/>
      <trkpt lat="37.095445" lon="-122.097249"/>
      <trkpt lat="37.09404" lon="-122.096762"/>
      <trkpt lat="37.093167" lon="-122.096453"/>
      <trkpt lat="37.092541" lon="-122.096261"/>
      <trkpt lat="37.092103" lon="-122.096085"/>
      <trkpt lat="37.091898" lon="-122.095918"/>
      <trkpt lat="37.091572" lon="-122.095482"/>
      <trkpt lat="37.091509" lon="-122.095368"/>
      <trkpt lat="37.091207" lon="-122.095058"/>
      <trkpt lat="37.089761" lon="-122.093441"/>
      <trkpt lat="37.089623" lon="-122.093224"/>
      <trkpt lat="37.089392" lon="-122.092618"/>
      <trkpt lat="37.089353" lon="-122.092341"/>
      <trkpt lat="37.089377" lon="-122.092049"/>
      <trkpt lat="37.089654" lon="-122.090624"/>
      <trkpt lat="37.089756" lon="-122.089899"/>
      <trkpt lat="37.08975" lon="-122.089556"/>
      <trkpt lat="37.089673" lon="-122.089254"/>
      <trkpt lat="37.089534" lon="-122.088998"/>
      <trkpt lat="37.08928" lon="-122.088689"/>
      <trkpt lat="37.089182" lon="-122.088612"/>
      <trkpt lat="37.08881" lon="-122.088532"/>
      <trkpt lat="37.088502" lon="-122.088538"/>
      <trkpt lat="37.087672" lon="-122.088677"/>
      <trkpt lat="37.087197" lon="-122.088755"/>
      <trkpt lat="37.086905" lon="-122.088853"/>
      <trkpt lat="37.08657" lon="-122.089084"/>
      <trkpt lat="37.086067" lon="-122.089502"/>
      <trkpt lat="37.08581" lon="-122.089611"/>
      <trkpt lat="37.085585" lon="-122.089613"/>
      <trkpt lat="37.085299" lon="-122.089492"/>
      <trkpt lat="37.084599" lon="-122.089165"/>
      <trkpt lat="37.084333" lon="-122.088979"/>
      <trkpt lat="37.083965" lon="-122.088638"/>
      <trkpt lat="37.083518" lon="-122.088256"/>
      <trkpt lat="37.08311" lon="-122.08782"/>
      <trkpt lat="37.082623" lon="-122.087269"/>
      <trkpt lat="37.08225" lon="-122.086837"/>
      <trkpt lat="37.08212" lon="-122.086629"/>
      <trkpt lat="37.082032" lon="-122.086217"/>
      <trkpt lat="37.081928" lon="-122.085801"/>
      <trkpt lat="37.081754" lon="-122.08537"/>
      <trkpt lat="37.081567" lon="-122.084997"/>
      <trkpt lat="37.081144" lon="-122.084419"/>
      <trkpt lat="37.080932" lon="-122.084207"/>
      <trkpt lat="37.080547" lon="-122.084006"/>
      <trkpt lat="37.080059" lon="-122.083865"/>
      <trkpt lat="37.07983" lon="-122.083669"/>
      <trkpt lat="37.078878" lon="-122.083222"/>
      <trkpt lat="37.078576" lon="-122.083159"/>
      <trkpt lat="37.078358" lon="-122.083176"/>
      <trkpt lat="37.078185" lon="-122.083234"/>
      <trkpt lat="37.078004" lon="-122.08338"/>
      <trkpt lat="37.07762" lon="-122.083944"/>
      <trkpt lat="37.077452" lon="-122.084096"/>
      <trkpt lat="37.077075" lon="-122.084323"/>
      <trkpt lat="37.076877" lon="-122.084363"/>
      <trkpt lat="37.076683" lon="-122.084336"/>
      <trkpt lat="37.07637" lon="-122.084281"/>
      <trkpt lat="37.07619" lon="-122.084292"/>
      <trkpt lat="37.07566" lon="-122.084423"/>
      <trkpt lat="37.07472" lon="-122.084493"/>
      <trkpt lat="37.074264" lon="-122.084519"/>
      <trkpt lat="37.073958" lon="-122.084536"/>
      <trkpt lat="37.073216" lon="-122.084468"/>
      <trkpt lat="37.072383" lon="-122.084318"/>
      <trkpt lat="37.071702" lon="-122.084179"/>
      <trkpt lat="37.0713" lon="-122.084155"/>
      <trkpt lat="37.070785" lon="-122.084247"/>
      <trkpt lat="37.070304" lon="-122.084274"/>
      <trkpt lat="37.069858" lon="-122.084171"/>
      <trkpt lat="37.069533" lon="-122.084039"/>
      <trkpt lat="37.069101" lon="-122.083767"/>
      <trkpt lat="37.068696" lon="-122.083371"/>
      <trkpt lat="37.068069" lon="-122.0827"/>
      <trkpt lat="37.067892" lon="-122.082333"/>
      <trkpt lat="37.067527" lon="-122.081412"/>
      <trkpt lat="37.067262" lon="-122.080512"/>
      <trkpt lat="37.067117" lon="-122.080234"/>
      <trkpt lat="37.066949" lon="-122.080039"/>
      <trkpt lat="37.066716" lon="-122.079866"/>
      <trkpt lat="37.066459" lon="-122.079778"/>
      <trkpt lat="37.065855" lon="-122.079675"/>
      <trkpt lat="37.064834" lon="-122.079564"/>
      <trkpt lat="37.064517" lon="-122.079603"/>
      <trkpt lat="37.06351" lon="-122.079835"/>
      <trkpt lat="37.062976" lon="-122.080008"/>
      <trkpt lat="37.062872" lon="-122.080106"/>
      <trkpt lat="37.061479" lon="-122.080087"/>
      <trkpt lat="37.061306" lon="-122.080042"/>
      <trkpt lat="37.060295" lon="-122.079613"/>
      <trkpt lat="37.059457" lon="-122.079348"/>
      <trkpt lat="37.059246" lon="-122.079193"/>
      <trkpt lat="37.058877" lon="-122.078814"/>
      <trkpt lat="37.058716" lon="-122.078567"/>
      <trkpt lat="37.058383" lon="-122.077846"/>
      <trkpt lat="37.058105" lon="-122.077223"/>
      <trkpt lat="37.057906" lon="-122.076856"/>
      <trkpt lat="37.057561" lon="-122.076388"/>
      <trkpt lat="37.057123" lon="-122.076027"/>
      <trkpt lat="37.053899" lon="-122.073684"/>
      <trkpt lat="37.053652" lon="-122.073529"/>
      <trkpt lat="37.05307" lon="-122.0733"/>
      <trkpt lat="37.05297" lon="-122.073289"/>
      <trkpt lat="37.052818" lon="-122.072908"/>
      <trkpt lat="37.052671" lon="-122.072579"/>
      <trkpt lat="37.052001" lon="-122.07059"/>
      <trkpt lat="37.051606" lon="-122.069174"/>
      <trkpt lat="37.051423" lon="-122.068651"/>
      <trkpt lat="37.051263" lon="-122.06833"/>
      <trkpt lat="37.050967" lon="-122.06783"/>
      <trkpt lat="37.050894" lon="-122.06773"/>
      <trkpt lat="37.05077" lon="-122.067467"/>
      <trkpt lat="37.049855" lon="-122.065959"/>
      <trkpt lat="37.049457" lon="-122.065405"/>
      <trkpt lat="37.049135" lon="-122.06504"/>
      <trkpt lat="37.048789" lon="-122.064763"/>
      <trkpt lat="37.04806" lon="-122.064339"/>
      <trkpt lat="37.047912" lon="-122.06426"/>
      <trkpt lat="37.047673" lon="-122.064066"/>
      <trkpt lat="37.046825" lon="-122.063605"/>
      <trkpt lat="37.046473" lon="-122.063282"/>
      <trkpt lat="37.046191" lon="-122.062973"/>
      <trkpt lat="37.045881" lon="-122.062571"/>
      <trkpt lat="37.045718" lon="-122.062287"/>
      <trkpt lat="37.04563" lon="-122.061833"/>
      <trkpt lat="37.045627" lon="-122.061381"/>
      <trkpt lat="37.045689" lon="-122.060721"/>
      <trkpt lat="37.045751" lon="-122.060486"/>
      <trkpt lat="37.045882" lon="-122.060229"/>
      <trkpt lat="37.046048" lon="-122.060035"/>
      <trkpt lat="37.046423" lon="-122.059665"/>
      <trkpt lat="37.046586" lon="-122.059442"/>
      <trkpt lat="37.046703" lon="-122.059191"/>
      <trkpt lat="37.046792" lon="-122.058857"/>
      <trkpt lat="37.046818" lon="-122.058521"/>
      <trkpt lat="37.046781" lon="-122.058139"/>
      <trkpt lat="37.046592" lon="-122.057312"/>
      <trkpt lat="37.046498" lon="-122.057028"/>
      <trkpt lat="37.046279" lon="-122.056666"/>
      <trkpt lat="37.045639" lon="-122.055783"/>
      <trkpt lat="37.044609" lon="-122.054422"/>
      <trkpt lat="37.044288" lon="-122.053884"/>
      <trkpt lat="37.043599" lon="-122.052561"/>
      <trkpt lat="37.043092" lon="-122.051791"/>
      <trkpt lat="37.042922" lon="-122.051448"/>
      <trkpt lat="37.04279" lon="-122.051057"/>
      <trkpt lat="37.042685" lon="-122.050642"/>
      <trkpt lat="37.042601" lon="-122.050398"/>
      <trkpt lat="37.042172" lon="-122.048288"/>
      <trkpt lat="37.042066" lon="-122.047663"/>
      <trkpt lat="37.041894" lon="-122.046915"/>
      <trkpt lat="37.04173" lon="-122.046467"/>
      <trkpt lat="37.041535" lon="-122.046089"/>
      <trkpt lat="37.041269" lon="-122.045716"/>
      <trkpt lat="37.040911" lon="-122.045349"/>
      <trkpt lat="37.039757" lon="-122.044384"/>
      <trkpt lat="37.038051" lon="-122.043132"/>
      <trkpt lat="37.037017" lon="-122.042422"/>
      <trkpt lat="37.036531" lon="-122.04215"/>
      <trkpt lat="37.035791" lon="-122.041843"/>
      <trkpt lat="37.035283" lon="-122.041686"/>
      <trkpt lat="37.034701" lon="-122.04158"/>
      <trkpt lat="37.033343" lon="-122.041383"/>
      <trkpt lat="37.032394" lon="-122.041129"/>
      <trkpt lat="37.031735" lon="-122.040907"/>
      <trkpt lat="37.02834" lon="-122.039449"/>
      <trkpt lat="37.022922" lon="-122.037091"/>
      <trkpt lat="37.022132" lon="-122.036853"/>
      <trkpt lat="37.019858" lon="-122.036328"/>
      <trkpt lat="37.019291" lon="-122.036143"/>
      <trkpt lat="37.018403" lon="-122.035768"/>
      <trkpt lat="37.018233" lon="-122.035687"/>
      <trkpt lat="37.018124" lon="-122.035686"/>
      <trkpt lat="37.017355" lon="-122.035381"/>
      <trkpt lat="37.015539" lon="-122.034569"/>
      <trkpt lat="37.015499" lon="-122.034522"/>
      <trkpt lat="37.014524" lon="-122.034263"/>
      <trkpt lat="37.013826" lon="-122.034172"/>
      <trkpt lat="37.013479" lon="-122.034162"/>
      <trkpt lat="37.013394" lon="-122.034182"/>
      <trkpt lat="37.011764" lon="-122.034179"/>
      <trkpt lat="37.010035" lon="-122.034161"/>
      <trkpt lat="37.009675" lon="-122.03416"/>
      <trkpt lat="37.009323" lon="-122.034189"/>
      <trkpt lat="37.008483" lon="-122.034157"/>
      <trkpt lat="37.007047" lon="-122.034107"/>
      <trkpt lat="37.005926" lon="-122.034107"/>
      <trkpt lat="37.00569" lon="-122.03406"/>
      <trkpt lat="37.005427" lon="-122.033947"/>
      <trkpt lat="37.003258" lon="-122.032578"/>
      <trkpt lat="37.001768" lon="-122.03169"/>
      <trkpt lat="36.999838" lon="-122.030593"/>
      <trkpt lat="36.999511" lon="-122.03036"/>
      <trkpt lat="36.999076" lon="-122.029997"/>
      <trkpt lat="36.998043" lon="-122.029012"/>
      <trkpt lat="36.997772" lon="-122.028826"/>
      <trkpt lat="36.997597" lon="-122.028774"/>
      <trkpt lat="36.997436" lon="-122.028778"/>
      <trkpt lat="36.996721" lon="-122.028878"/>
      <trkpt lat="36.996361" lon="-122.028881"/>
      <trkpt lat="36.996003" lon="-122.028833"/>
      <trkpt lat="36.995686" lon="-122.028742"/>
      <trkpt lat="36.995137" lon="-122.0285"/>
      <trkpt lat="36.994829" lon="-122.028444"/>
      <trkpt lat="36.994515" lon="-122.028431"/>
      <trkpt lat="36.993952" lon="-122.028515"/>
      <trkpt lat="36.993744" lon="-122.028477"/>
      <trkpt lat="36.993093" lon="-122.028214"/>
      <trkpt lat="36.992912" lon="-122.028171"/>
      <trkpt lat="36.992174" lon="-122.028138"/>
      <trkpt lat="36.991921" lon="-122.028059"/>
      <trkpt lat="36.991727" lon="-122.02794"/>
      <trkpt lat="36.991386" lon="-122.027604"/>
      <trkpt lat="36.990973" lon="-122.027156"/>
      <trkpt lat="36.990674" lon="-122.026938"/>
      <trkpt lat="36.990366" lon="-122.02681"/>
      <trkpt lat="36.990038" lon="-122.02675"/>
      <trkpt lat="36.989732" lon="-122.026754"/>
      <trkpt lat="36.989425" lon="-122.026813"/>
      <trkpt lat="36.989207" lon="-122.026888"/>
      <trkpt lat="36.989" lon="-122.026928"/>
      <trkpt lat="36.988753" lon="-122.026902"/>
      <trkpt lat="36.98864" lon="-122.026861"/>
      <trkpt lat="36.98758" lon="-122.026075"/>
      <trkpt lat="36.986957" lon="-122.025535"/>
      <trkpt lat="36.986505" lon="-122.025115"/>
      <trkpt lat="36.986336" lon="-122.025181"/>
      <trkpt lat="36.985919" lon="-122.025435"/>
      <trkpt lat="36.985809" lon="-122.025576"/>
      <trkpt lat="36.985707" lon="-122.025832"/>
      <trkpt lat="36.985628" lon="-122.025905"/>
      <trkpt lat="36.985026" lon="-122.028086"/>
      <trkpt lat="36.984862" lon="-122.028869"/>
      <trkpt lat="36.984675" lon="-122.029414"/>
      <trkpt lat="36.984555" lon="-122.029705"/>
      <trkpt lat="36.984508" lon="-122.02987"/>
      <trkpt lat="36.984019" lon="-122.030717"/>
      <trkpt lat="36.983799" lon="-122.031008"/>
      <trkpt lat="36.983234" lon="-122.031614"/>
      <trkpt lat="36.982817" lon="-122.031962"/>
      <trkpt lat="36.982377" lon="-122.032219"/>
      <trkpt lat="36.981963" lon="-122.032379"/>
      <trkpt lat="36.981523" lon="-122.032466"/>
      <trkpt lat="36.981178" lon="-122.032482"/>
      <trkpt lat="36.980765" lon="-122.032442"/>
      <trkpt lat="36.980201" lon="-122.032291"/>
      <trkpt lat="36.979056" lon="-122.031954"/>
      <trkpt lat="36.97855" lon="-122.031883"/>
      <trkpt lat="36.977872" lon="-122.031886"/>
      <trkpt lat="36.9773" lon="-122.031925"/>
      <trkpt lat="36.976878" lon="-122.031961"/>
      <trkpt lat="36.976737" lon="-122.031925"/>
      <trkpt lat="36.976337" lon="-122.031881"/>
      <trkpt lat="36.974751" lon="-122.031247"/>
      <trkpt lat="36.974208" lon="-122.031065"/>
      <trkpt lat="36.974029" lon="-122.03097"/>
      <trkpt lat="36.97407" lon="-122.030789"/>
    </trkseg>
  </trk>
  <trk>
    <name>Pescadero to Santa Cruz, direct</name>
    <trkseg>
      <trkpt lat="37.25546" lon="-122.383713"/>
      <trkpt lat="37.255308" lon="-122.38357"/>
      <trkpt lat="37.255277" lon="-122.383472"/>
      <trkpt lat="37.255244" lon="-122.383229"/>
      <trkpt lat="37.253403" lon="-122.383163"/>
      <trkpt lat="37.25268" lon="-122.383099"/>
      <trkpt lat="37.252" lon="-122.382968"/>
      <trkpt lat="37.251878" lon="-122.382969"/>
      <trkpt lat="37.251664" lon="-122.382918"/>
      <trkpt lat="37.25141" lon="-122.384861"/>
      <trkpt lat="37.250138" lon="-122.39512"/>
      <trkpt lat="37.249729" lon="-122.398737"/>
      <trkpt lat="37.24972" lon="-122.399173"/>
      <trkpt lat="37.249759" lon="-122.399594"/>
      <trkpt lat="37.249863" lon="-122.400067"/>
      <trkpt lat="37.250058" lon="-122.400584"/>
      <trkpt lat="37.250234" lon="-122.400913"/>
      <trkpt lat="37.250529" lon="-122.401307"/>
      <trkpt lat="37.250696" lon="-122.401478"/>
      <trkpt lat="37.251966" lon="-122.402619"/>
      <trkpt lat="37.252196" lon="-122.402907"/>
      <trkpt lat="37.252432" lon="-122.403322"/>
      <trkpt lat="37.252585" lon="-122.403725"/>
      <trkpt lat="37.253267" lon="-122.405814"/>
      <trkpt lat="37.253438" lon="-122.406189"/>
      <trkpt lat="37.253722" lon="-122.406618"/>
      <trkpt lat="37.253994" lon="-122.406917"/>
      <trkpt lat="37.254317" lon="-122.407177"/>
      <trkpt lat="37.255381" lon="-122.407756"/>
      <trkpt lat="37.258037" lon="-122.40914"/>
      <trkpt lat="37.258365" lon="-122.409359"/>
      <trkpt lat="37.258729" lon="-122.409716"/>
      <trkpt lat="37.25904" lon="-122.410148"/>
      <trkpt lat="37.259246" lon="-122.410533"/>
      <trkpt lat="37.259421" lon="-122.410982"/>
      <trkpt lat="37.259544" lon="-122.411487"/>
      <trkpt lat="37.259589" lon="-122.411818"/>
      <trkpt lat="37.259708" lon="-122.41324"/>
      <trkpt lat="37.258669" lon="-122.41346"/>
      <trkpt lat="37.258542" lon="-122.413471"/>
      <trkpt lat="37.255613" lon="-122.414113"/>
      <trkpt lat="37.254759" lon="-122.414367"/>
      <trkpt lat="37.253982" lon="-122.414652"/>
      <trkpt lat="37.25307" lon="-122.415067"/>
      <trkpt lat="37.249229" lon="-122.41692"/>
      <trkpt lat="37.248369" lon="-122.417257"/>
      <trkpt lat="37.247646" lon="-122.417462"/>
      <trkpt lat="37.246739" lon="-122.417646"/>
      <trkpt lat="37.242273" lon="-122.418026"/>
      <trkpt lat="37.241786" lon="-122.418008"/>
      <trkpt lat="37.241217" lon="-122.417915"/>
      <trkpt lat="37.240845" lon="-122.417817"/>
      <trkpt lat="37.2402" lon="-122.417553"/>
      <trkpt lat="37.239707" lon="-122.417277"/>
      <trkpt lat="37.239095" lon="-122.416834"/>
      <trkpt lat="37.238012" lon="-122.415998"/>
      <trkpt lat="37.237612" lon="-122.415755"/>
      <trkpt lat="37.237173" lon="-122.415567"/>
      <trkpt lat="37.236656" lon="-122.415419"/>
      <trkpt lat="37.234671" lon="-122.41509"/>
      <trkpt lat="37.233995" lon="-122.414893"/>
      <trkpt lat="37.233337" lon="-122.414608"/>
      <trkpt lat="37.232665" lon="-122.41421"/>
      <trkpt lat="37.232032" lon="-122.413727"/>
      <trkpt lat="37.224307" lon="-122.407218"/>
      <trkpt lat="37.223721" lon="-122.406837"/>
      <trkpt lat="37.223326" lon="-122.406633"/>
      <trkpt lat="37.222645" lon="-122.406372"/>
      <trkpt lat="37.221951" lon="-122.406215"/>
      <trkpt lat="37.221445" lon="-122.406151"/>
      <trkpt lat="37.220717" lon="-122.406137"/>
      <trkpt lat="37.215839" lon="-122.406296"/>
      <trkpt lat="37.214995" lon="-122.406233"/>
      <trkpt lat="37.214337" lon="-122.406129"/>
      <trkpt lat="37.213494" lon="-122.405912"/>
      <trkpt lat="37.212662" lon="-122.405619"/>
      <trkpt lat="37.210308" lon="-122.404536"/>
      <trkpt lat="37.203073" lon="-122.401182"/>
      <trkpt lat="37.202602" lon="-122.401021"/>
      <trkpt lat="37.202007" lon="-122.400894"/>
      <trkpt lat="37.199269" lon="-122.400672"/>
      <trkpt lat="37.198327" lon="-122.400595"/>
      <trkpt lat="37.197636" lon="-122.400483"/>
      <trkpt lat="37.197123" lon="-122.400343"/>
      <trkpt lat="37.196234" lon="-122.399991"/>
      <trkpt lat="37.195523" lon="-122.399591"/>
      <trkpt lat="37.194731" lon="-122.399042"/>
      <trkpt lat="37.189714" lon="-122.395215"/>
      <trkpt lat="37.189074" lon="-122.394767"/>
      <trkpt lat="37.188976" lon="-122.394651"/>
      <trkpt lat="37.186002" lon="-122.39237"/>
      <trkpt lat="37.185726" lon="-122.392123"/>
      <trkpt lat="37.185313" lon="-122.391662"/>
      <trkpt lat="37.185007" lon="-122.391233"/>
      <trkpt lat="37.184718" lon="-122.390709"/>
      <trkpt lat="37.184479" lon="-122.390113"/>
      <trkpt lat="37.184323" lon="-122.389617"/>
      <trkpt lat="37.184238" lon="-122.389236"/>
      <trkpt lat="37.184143" lon="-122.388556"/>
      <trkpt lat="37.183831" lon="-122.384857"/>
      <trkpt lat="37.183719" lon="-122.383682"/>
      <trkpt lat="37.183531" lon="-122.382511"/>
      <trkpt lat="37.183307" lon="-122.381528"/>
      <trkpt lat="37.183019" lon="-122.380545"/>
      <trkpt lat="37.182689" lon="-122.379636"/>
      <trkpt lat="37.182502" lon="-122.379192"/>
      <trkpt lat="37.181977" lon="-122.37813"/>
      <trkpt lat="37.175293" lon="-122.365865"/>
      <trkpt lat="37.174981" lon="-122.365391"/>
      <trkpt lat="37.17463" lon="-122.364954"/>
      <trkpt lat="37.174262" lon="-122.364562"/>
      <trkpt lat="37.173778" lon="-122.364142"/>
      <trkpt lat="37.173285" lon="-122.363806"/>
      <trkpt lat="37.172839" lon="-122.363569"/>
      <trkpt lat="37.171291" lon="-122.362935"/>
      <trkpt lat="37.164936" lon="-122.360414"/>
      <trkpt lat="37.164181" lon="-122.360079"/>
      <trkpt lat="37.163518" lon="-122.359701"/>
      <trkpt lat="37.162086" lon="-122.358735"/>
      <trkpt lat="37.157311" lon="-122.355427"/>
      <trkpt lat="37.15628" lon="-122.354604"/>
      <trkpt lat="37.155431" lon="-122.353846"/>
      <trkpt lat="37.151059" lon="-122.349742"/>
      <trkpt lat="37.150983" lon="-122.349663"/>
      <trkpt lat="37.150754" lon="-122.349486"/>
      <trkpt lat="37.150319" lon="-122.348968"/>
      <trkpt lat="37.149824" lon="-122.348272"/>
      <trkpt lat="37.149614" lon="-122.34793"/>
      <trkpt lat="37.149184" lon="-122.347094"/>
      <trkpt lat="37.148955" lon="-122.346603"/>
      <trkpt lat="37.148913" lon="-122.346349"/>
      <trkpt lat="37.148194" lon="-122.344323"/>
      <trkpt lat="37.144155" lon="-122.331992"/>
      <trkpt lat="37.141297" lon="-122.323494"/>
      <trkpt lat="37.141" lon="-122.322741"/>
      <trkpt lat="37.140778" lon="-122.322281"/>
      <trkpt lat="37.140524" lon="-122.321897"/>
      <trkpt lat="37.140457" lon="-122.321745"/>
      <trkpt lat="37.140006" lon="-122.321147"/>
      <trkpt lat="37.139563" lon="-122.320669"/>
      <trkpt lat="37.136329" lon="-122.317715"/>
      <trkpt lat="37.136086" lon="-122.317568"/>
      <trkpt lat="37.135449" lon="-122.316964"/>
      <trkpt lat="37.134373" lon="-122.315988"/>
      <trkpt lat="37.1342" lon="-122.315746"/>
      <trkpt lat="37.131618" lon="-122.313349"/>
      <trkpt lat="37.129845" lon="-122.311777"/>
      <trkpt lat="37.128753" lon="-122.310864"/>
      <trkpt lat="37.127929" lon="-122.310248"/>
      <trkpt lat="37.126941" lon="-122.309599"/>
      <trkpt lat="37.124622" lon="-122.308158"/>
      <trkpt lat="37.123992" lon="-122.30773"/>
      <trkpt lat="37.123137" lon="-122.307205"/>
      <trkpt lat="37.122579" lon="-122.306833"/>
      <trkpt lat="37.12102" lon="-122.305923"/>
      <trkpt lat="37.116347" lon="-122.303503"/>
      <trkpt lat="37.115758" lon="-122.30311"/>
      <trkpt lat="37.115226" lon="-122.302646"/>
      <trkpt lat="37.114794" lon="-122.302164"/>
      <trkpt lat="37.114393" lon="-122.301614"/>
      <trkpt lat="37.114096" lon="-122.301116"/>
      <trkpt lat="37.11206" lon="-122.297494"/>
      <trkpt lat="37.111675" lon="-122.296916"/>
      <trkpt lat="37.111258" lon="-122.296411"/>
      <trkpt lat="37.11055" lon="-122.29572"/>
      <trkpt lat="37.109049" lon="-122.294313"/>
      <trkpt lat="37.108488" lon="-122.293689"/>
      <trkpt lat="37.10633" lon="-122.290829"/>
      <trkpt lat="37.105568" lon="-122.289768"/>
      <trkpt lat="37.103161" lon="-122.286133"/>
      <trkpt lat="37.102776" lon="-122.28564"/>
      <trkpt lat="37.10223" lon="-122.285064"/>
      <trkpt lat="37.101758" lon="-122.284624"/>
      <trkpt lat="37.101296" lon="-122.284281"/>
      <trkpt lat="37.100283" lon="-122.283666"/>
      <trkpt lat="37.099862" lon="-122.283318"/>
      <trkpt lat="37.099332" lon="-122.282811"/>
      <trkpt lat="37.098874" lon="-122.282322"/>
      <trkpt lat="37.098275" lon="-122.281592"/>
      <trkpt lat="37.097793" lon="-122.280922"/>
      <trkpt lat="37.097444" lon="-122.280355"/>
      <trkpt lat="37.097206" lon="-122.279889"/>
      <trkpt lat="37.096502" lon="-122.278364"/>
      <trkpt lat="37.096116" lon="-122.277735"/>
      <trkpt lat="37.09574" lon="-122.27723"/>
      <trkpt lat="37.095024" lon="-122.276462"/>
      <trkpt lat="37.093791" lon="-122.275225"/>
      <trkpt lat="37.093303" lon="-122.274828"/>
      <trkpt lat="37.092809" lon="-122.274516"/>
      <trkpt lat="37.09242" lon="-122.274319"/>
      <trkpt lat="37.091939" lon="-122.274135"/>
      <trkpt lat="37.09142" lon="-122.274004"/>
      <trkpt lat="37.090132" lon="-122.27376"/>
      <trkpt lat="37.089647" lon="-122.273613"/>
      <trkpt lat="37.089067" lon="-122.273357"/>
      <trkpt lat="37.088601" lon="-122.273082"/>
      <trkpt lat="37.08804" lon="-122.272654"/>
      <trkpt lat="37.087713" lon="-122.272335"/>
      <trkpt lat="37.087121" lon="-122.271622"/>
      <trkpt lat="37.085746" lon="-122.269765"/>
      <trkpt lat="37.085073" lon="-122.268946"/>
      <trkpt lat="37.084379" lon="-122.26824"/>
      <trkpt lat="37.079174" lon="-122.263808"/>
      <trkpt lat="37.078613" lon="-122.26341"/>
      <trkpt lat="37.077957" lon="-122.263041"/>
      <trkpt lat="37.075839" lon="-122.261964"/>
      <trkpt lat="37.075183" lon="-122.261574"/>
      <trkpt lat="37.074541" lon="-122.261122"/>
      <trkpt lat="37.070592" lon="-122.257921"/>
      <trkpt lat="37.069211" lon="-122.256894"/>
      <trkpt lat="37.067645" lon="-122.255804"/>
      <trkpt lat="37.062409" lon="-122.252252"/>
      <trkpt lat="37.061809" lon="-122.251781"/>
      <trkpt lat="37.061158" lon="-122.251196"/>
      <trkpt lat="37.060222" lon="-122.250166"/>
      <trkpt lat="37.057434" lon="-122.246966"/>
      <trkpt lat="37.056486" lon="-122.246075"/>
      <trkpt lat="37.052957" lon="-122.242896"/>
      <trkpt lat="37.052496" lon="-122.242433"/>
      <trkpt lat="37.04053" lon="-122.228937"/>
      <trkpt lat="37.039896" lon="-122.228221"/>
      <trkpt lat="37.039402" lon="-122.227759"/>
      <trkpt lat="37.039016" lon="-122.227469"/>
      <trkpt lat="37.038499" lon="-122.227147"/>
      <trkpt lat="37.037955" lon="-122.226886"/>
      <trkpt lat="37.037689" lon="-122.226778"/>
      <trkpt lat="37.037305" lon="-122.226675"/>
      <trkpt lat="37.036257" lon="-122.226405"/>
      <trkpt lat="37.035984" lon="-122.226306"/>
      <trkpt lat="37.035406" lon="-122.226023"/>
      <trkpt lat="37.034816" lon="-122.225639"/>
      <trkpt lat="37.034384" lon="-122.225275"/>
      <trkpt lat="37.033912" lon="-122.224792"/>
      <trkpt lat="37.033534" lon="-122.2243"/>
      <trkpt lat="37.03284" lon="-122.223219"/>
      <trkpt lat="37.028217" lon="-122.215822"/>
      <trkpt lat="37.027849" lon="-122.215284"/>
      <trkpt lat="37.027481" lon="-122.214787"/>
      <trkpt lat="37.026881" lon="-122.214066"/>
      <trkpt lat="37.026523" lon="-122.213669"/>
      <trkpt lat="37.025121" lon="-122.212282"/>
      <trkpt lat="37.020794" lon="-122.208043"/>
      <trkpt lat="37.015247" lon="-122.201796"/>
      <trkpt lat="37.014313" lon="-122.200721"/>
      <trkpt lat="37.013923" lon="-122.200172"/>
      <trkpt lat="37.013407" lon="-122.199264"/>
      <trkpt lat="37.013013" lon="-122.198506"/>
      <trkpt lat="37.011812" lon="-122.196376"/>
      <trkpt lat="37.01156" lon="-122.195893"/>
      <trkpt lat="37.010945" lon="-122.194542"/>
      <trkpt lat="37.010143" lon="-122.192862"/>
      <trkpt lat="37.008589" lon="-122.189551"/>
      <trkpt lat="37.008115" lon="-122.188655"/>
      <trkpt lat="37.007606" lon="-122.187824"/>
      <trkpt lat="37.007119" lon="-122.187117"/>
      <trkpt lat="37.006743" lon="-122.186609"/>
      <trkpt lat="37.005993" lon="-122.185697"/>
      <trkpt lat="37.00298" lon="-122.182502"/>
      <trkpt lat="37.002877" lon="-122.182422"/>
      <trkpt lat="37.000133" lon="-122.179592"/>
      <trkpt lat="36.999391" lon="-122.178754"/>
      <trkpt lat="36.999271" lon="-122.178615"/>
      <trkpt lat="36.999224" lon="-122.178521"/>
      <trkpt lat="36.998597" lon="-122.177696"/>
      <trkpt lat="36.99799" lon="-122.176789"/>
      <trkpt lat="36.995953" lon="-122.17322"/>
      <trkpt lat="36.99265" lon="-122.167337"/>
      <trkpt lat="36.992049" lon="-122.166178"/>
      <trkpt lat="36.990624" lon="-122.163204"/>
      <trkpt lat="36.985282" lon="-122.151572"/>
      <trkpt lat="36.984706" lon="-122.150298"/>
      <trkpt lat="36.984501" lon="-122.149741"/>
      <trkpt lat="36.98434" lon="-122.149082"/>
      <trkpt lat="36.983997" lon="-122.146673"/>
      <trkpt lat="36.983847" lon="-122.146027"/>
      <trkpt lat="36.983645" lon="-122.145458"/>
      <trkpt lat="36.9827" lon="-122.143481"/>
      <trkpt lat="36.981288" lon="-122.140587"/>
      <trkpt lat="36.980403" lon="-122.138977"/>
      <trkpt lat="36.978595" lon="-122.135792"/>
      <trkpt lat="36.97801" lon="-122.134916"/>
      <trkpt lat="36.977865" lon="-122.134718"/>
      <trkpt lat="36.977706" lon="-122.134593"/>
      <trkpt lat="36.976886" lon="-122.133537"/>
      <trkpt lat="36.976758" lon="-122.133351"/>
      <trkpt lat="36.976021" lon="-122.132419"/>
      <trkpt lat="36.974668" lon="-122.130552"/>
      <trkpt lat="36.972786" lon="-122.127884"/>
      <trkpt lat="36.972668" lon="-122.127646"/>
      <trkpt lat="36.971461" lon="-122.125951"/>
      <trkpt lat="36.971161" lon="-122.125438"/>
      <trkpt lat="36.970973" lon="-122.12503"/>
      <trkpt lat="36.970724" lon="-122.124327"/>
      <trkpt lat="36.970558" lon="-122.123627"/>
      <trkpt lat="36.970481" lon="-122.123059"/>
      <trkpt lat="36.970353" lon="-122.120511"/>
      <trkpt lat="36.970277" lon="-122.119776"/>
      <trkpt lat="36.970127" lon="-122.118979"/>
      <trkpt lat="36.969924" lon="-122.118267"/>
      <trkpt lat="36.96981" lon="-122.117949"/>
      <trkpt lat="36.96765" lon="-122.112935"/>
      <trkpt lat="36.967073" lon="-122.11143"/>
      <trkpt lat="36.966121" lon="-122.108643"/>
      <trkpt lat="36.965386" lon="-122.106464"/>
      <trkpt lat="36.965086" lon="-122.105797"/>
      <trkpt lat="36.964837" lon="-122.10531"/>
      <trkpt lat="36.963879" lon="-122.103768"/>
      <trkpt lat="36.963517" lon="-122.103069"/>
      <trkpt lat="36.963217" lon="-122.102335"/>
      <trkpt lat="36.962997" lon="-122.10165"/>
      <trkpt lat="36.962541" lon="-122.099656"/>
      <trkpt lat="36.96161" lon="-122.095481"/>
      <trkpt lat="36.961454" lon="-122.094476"/>
      <trkpt lat="36.961383" lon="-122.093681"/>
      <trkpt lat="36.961359" lon="-122.093042"/>
      <trkpt lat="36.961369" lon="-122.092568"/>
      <trkpt lat="36.961355" lon="-122.092367"/>
      <trkpt lat="36.961329" lon="-122.092253"/>
      <trkpt lat="36.961347" lon="-122.091845"/>
      <trkpt lat="36.961503" lon="-122.090556"/>
      <trkpt lat="36.961559" lon="-122.09023"/>
      <trkpt lat="36.961618" lon="-122.089722"/>
      <trkpt lat="36.961869" lon="-122.088034"/>
      <trkpt lat="36.961948" lon="-122.087845"/>
      <trkpt lat="36.961976" lon="-122.087637"/>
      <trkpt lat="36.962192" lon="-122.08387"/>
      <trkpt lat="36.962225" lon="-122.082358"/>
      <trkpt lat="36.962112" lon="-122.073223"/>
      <trkpt lat="36.962061" lon="-122.071714"/>
      <trkpt lat="36.961561" lon="-122.06518"/>
      <trkpt lat="36.961363" lon="-122.062907"/>
      <trkpt lat="36.961285" lon="-122.062281"/>
      <trkpt lat="36.961259" lon="-122.062166"/>
      <trkpt lat="36.961083" lon="-122.05961"/>
      <trkpt lat="36.960931" lon="-122.057593"/>
      <trkpt lat="36.960783" lon="-122.055786"/>
      <trkpt lat="36.960363" lon="-122.050523"/>
      <trkpt lat="36.960371" lon="-122.050008"/>
      <trkpt lat="36.960421" lon="-122.049675"/>
      <trkpt lat="36.960536" lon="-122.049383"/>
      <trkpt lat="36.961068" lon="-122.047835"/>
      <trkpt lat="36.961167" lon="-122.047597"/>
      <trkpt lat="36.961233" lon="-122.047554"/>
      <trkpt lat="36.962375" lon="-122.044316"/>
      <trkpt lat="36.96248" lon="-122.044056"/>
      <trkpt lat="36.962674" lon="-122.043762"/>
      <trkpt lat="36.962988" lon="-122.043475"/>
      <trkpt lat="36.96443" lon="-122.042238"/>
      <trkpt lat="36.965763" lon="-122.041079"/>
      <trkpt lat="36.966658" lon="-122.040287"/>
      <trkpt lat="36.966941" lon="-122.039883"/>
      <trkpt lat="36.967684" lon="-122.038699"/>
      <trkpt lat="36.967878" lon="-122.038489"/>
      <trkpt lat="36.968404" lon="-122.038105"/>
      <trkpt lat="36.969124" lon="-122.037623"/>
      <trkpt lat="36.969184" lon="-122.037561"/>
      <trkpt lat="36.9699" lon="-122.037118"/>
      <trkpt lat="36.972123" lon="-122.035662"/>
      <trkpt lat="36.972426" lon="-122.035467"/>
      <trkpt lat="36.971788" lon="-122.032717"/>
      <trkpt lat="36.972295" lon="-122.032192"/>
      <trkpt lat="36.972349" lon="-122.03206"/>
      <trkpt lat="36.97262" lon="-122.030661"/>
      <trkpt lat="36.973843" lon="-122.030944"/>
      <trkpt lat="36.974029" lon="-122.03097"/>
      <trkpt lat="36.97407" lon="-122.030789"/>
    </trkseg>
  </trk>
  <trk>
    <name>Home via 84</name>
    <trkseg>
      <trkpt lat="37.25546" lon="-122.383713"/>
      <trkpt lat="37.255308" lon="-122.38357"/>
      <trkpt lat="37.255277" lon="-122.383472"/>
      <trkpt lat="37.255244" lon="-122.383229"/>
      <trkpt lat="37.253403" lon="-122.383163"/>
      <trkpt lat="37.25268" lon="-122.383099"/>
      <trkpt lat="37.252" lon="-122.382968"/>
      <trkpt lat="37.251878" lon="-122.382969"/>
      <trkpt lat="37.251664" lon="-122.382918"/>
      <trkpt lat="37.25141" lon="-122.384861"/>
      <trkpt lat="37.250138" lon="-122.39512"/>
      <trkpt lat="37.249729" lon="-122.398737"/>
      <trkpt lat="37.24972" lon="-122.399173"/>
      <trkpt lat="37.249759" lon="-122.399594"/>
      <trkpt lat="37.249863" lon="-122.400067"/>
      <trkpt lat="37.250058" lon="-122.400584"/>
      <trkpt lat="37.250234" lon="-122.400913"/>
      <trkpt lat="37.250529" lon="-122.401307"/>
      <trkpt lat="37.250696" lon="-122.401478"/>
      <trkpt lat="37.251966" lon="-122.402619"/>
      <trkpt lat="37.252196" lon="-122.402907"/>
      <trkpt lat="37.252432" lon="-122.403322"/>
      <trkpt lat="37.252585" lon="-122.403725"/>
      <trkpt lat="37.253267" lon="-122.405814"/>
      <trkpt lat="37.253438" lon="-122.406189"/>
      <trkpt lat="37.253722" lon="-122.406618"/>
      <trkpt lat="37.253994" lon="-122.406917"/>
      <trkpt lat="37.254317" lon="-122.407177"/>
      <trkpt lat="37.255381" lon="-122.407756"/>
      <trkpt lat="37.258037" lon="-122.40914"/>
      <trkpt lat="37.258365" lon="-122.409359"/>
      <trkpt lat="37.258729" lon="-122.409716"/>
      <trkpt lat="37.25904" lon="-122.410148"/>
      <trkpt lat="37.259246" lon="-122.410533"/>
      <trkpt lat="37.259421" lon="-122.410982"/>
      <trkpt lat="37.259544" lon="-122.411487"/>
      <trkpt lat="37.259589" lon="-122.411818"/>
      <trkpt lat="37.259699" lon="-122.413169"/>
      <trkpt lat="37.261632" lon="-122.412747"/>
      <trkpt lat="37.263685" lon="-122.412246"/>
      <trkpt lat="37.264063" lon="-122.412156"/>
      <trkpt lat="37.264192" lon="-122.412208"/>
      <trkpt lat="37.264307" lon="-122.41216"/>
      <trkpt lat="37.265159" lon="-122.411952"/>
      <trkpt lat="37.265868" lon="-122.41168"/>
      <trkpt lat="37.26648" lon="-122.411393"/>
      <trkpt lat="37.267142" lon="-122.410999"/>
      <trkpt lat="37.268108" lon="-122.410399"/>
      <trkpt lat="37.268558" lon="-122.410172"/>
      <trkpt lat="37.269448" lon="-122.409835"/>
      <trkpt lat="37.270147" lon="-122.40963"/>
      <trkpt lat="37.275564" lon="-122.408273"/>
      <trkpt lat="37.276084" lon="-122.408185"/>
      <trkpt lat="37.276681" lon="-122.40814"/>
      <trkpt lat="37.277632" lon="-122.408167"/>
      <trkpt lat="37.279398" lon="-122.408233"/>
      <trkpt lat="37.280029" lon="-122.408189"/>
      <trkpt lat="37.280741" lon="-122.408059"/>
      <trkpt lat="37.281357" lon="-122.407882"/>
      <trkpt lat="37.282139" lon="-122.407567"/>
      <trkpt lat="37.2828" lon="-122.40721"/>
      <trkpt lat="37.283592" lon="-122.40668"/>
      <trkpt lat="37.285424" lon="-122.405387"/>
      <trkpt lat="37.285901" lon="-122.405116"/>
      <trkpt lat="37.286412" lon="-122.404895"/>
      <trkpt lat="37.286994" lon="-122.404734"/>
      <trkpt lat="37.287604" lon="-122.404642"/>
      <trkpt lat="37.288065" lon="-122.404636"/>
      <trkpt lat="37.288577" lon="-122.404679"/>
      <trkpt lat="37.289172" lon="-122.40481"/>
      <trkpt lat="37.290744" lon="-122.405393"/>
      <trkpt lat="37.291859" lon="-122.405827"/>
      <trkpt lat="37.293073" lon="-122.406248"/>
      <trkpt lat="37.29336" lon="-122.406318"/>
      <trkpt lat="37.293807" lon="-122.406374"/>
      <trkpt lat="37.294415" lon="-122.40637"/>
      <trkpt lat="37.295042" lon="-122.40627"/>
      <trkpt lat="37.295562" lon="-122.40611"/>
      <trkpt lat="37.296073" lon="-122.405877"/>
      <trkpt lat="37.297323" lon="-122.405165"/>
      <trkpt lat="37.297901" lon="-122.404909"/>
      <trkpt lat="37.298415" lon="-122.404758"/>
      <trkpt lat="37.298833" lon="-122.404688"/>
      <trkpt lat="37.29949" lon="-122.404664"/>
      <trkpt lat="37.305571" lon="-122.404644"/>
      <trkpt lat="37.30665" lon="-122.40459"/>
      <trkpt lat="37.307904" lon="-122.40446"/>
      <trkpt lat="37.316643" lon="-122.403261"/>
      <trkpt lat="37.317661" lon="-122.403053"/>
      <trkpt lat="37.318756" lon="-122.40276"/>
      <trkpt lat="37.319877" lon="-122.402381"/>
      <trkpt lat="37.320924" lon="-122.401939"/>
      <trkpt lat="37.321753" lon="-122.401538"/>
      <trkpt lat="37.322643" lon="-122.401062"/>
      <trkpt lat="37.323744" lon="-122.40042"/>
      <trkpt lat="37.324563" lon="-122.399857"/>
      <trkpt lat="37.324481" lon="-122.399678"/>
      <trkpt lat="37.324698" lon="-122.392772"/>
      <trkpt lat="37.324735" lon="-122.392371"/>
      <trkpt lat="37.324875" lon="-122.391742"/>
      <trkpt lat="37.325005" lon="-122.391404"/>
      <trkpt lat="37.325332" lon="-122.390748"/>
      <trkpt lat="37.326054" lon="-122.389408"/>
      <trkpt lat="37.326211" lon="-122.389036"/>
      <trkpt lat="37.326359" lon="-122.388566"/>
      <trkpt lat="37.326967" lon="-122.3861"/>
      <trkpt lat="37.32712" lon="-122.385688"/>
      <trkpt lat="37.327283" lon="-122.385388"/>
      <trkpt lat="37.327534" lon="-122.385068"/>
      <trkpt lat="37.328154" lon="-122.384436"/>
      <trkpt lat="37.328592" lon="-122.384016"/>
      <trkpt lat="37.328972" lon="-122.383687"/>
      <trkpt lat="37.329492" lon="-122.383369"/>
      <trkpt lat="37.330171" lon="-122.382989"/>
      <trkpt lat="37.330307" lon="-122.382877"/>
      <trkpt lat="37.330532" lon="-122.382617"/>
      <trkpt lat="37.330687" lon="-122.382375"/>
      <trkpt lat="37.330817" lon="-122.382109"/>
      <trkpt lat="37.331507" lon="-122.379719"/>
      <trkpt lat="37.331585" lon="-122.379357"/>
      <trkpt lat="37.331613" lon="-122.379025"/>
      <trkpt lat="37.331595" lon="-122.378686"/>
      <trkpt lat="37.331542" lon="-122.37841"/>
      <trkpt lat="37.331195" lon="-122.377356"/>
      <trkpt lat="37.329531" lon="-122.372556"/>
      <trkpt lat="37.329367" lon="-122.371965"/>
      <trkpt lat="37.329259" lon="-122.371278"/>
      <trkpt lat="37.329224" lon="-122.370571"/>
      <trkpt lat="37.329258" lon="-122.369908"/>
      <trkpt lat="37.329328" lon="-122.369425"/>
      <trkpt lat="37.329733" lon="-122.367494"/>
      <trkpt lat="37.329769" lon="-122.367083"/>
      <trkpt lat="37.329733" lon="-122.366721"/>
      <trkpt lat="37.329647" lon="-122.366403"/>
      <trkpt lat="37.329514" lon="-122.366108"/>
      <trkpt lat="37.329337" lon="-122.36585"/>
      <trkpt lat="37.329124" lon="-122.365655"/>
      <trkpt lat="37.327894" lon="-122.364833"/>
      <trkpt lat="37.327697" lon="-122.364671"/>
      <trkpt lat="37.327414" lon="-122.364328"/>
      <trkpt lat="37.327242" lon="-122.36401"/>
      <trkpt lat="37.327122" lon="-122.363661"/>
      <trkpt lat="37.327058" lon="-122.363289"/>
      <trkpt lat="37.326927" lon="-122.360396"/>
      <trkpt lat="37.326839" lon="-122.358046"/>
      <trkpt lat="37.326858" lon="-122.357515"/>
      <trkpt lat="37.326905" lon="-122.357029"/>
      <trkpt lat="37.32726" lon="-122.354838"/>
      <trkpt lat="37.327267" lon="-122.354439"/>
      <trkpt lat="37.327219" lon="-122.354087"/>
      <trkpt lat="37.327131" lon="-122.353761"/>
      <trkpt lat="37.326985" lon="-122.353428"/>
      <trkpt lat="37.32669" lon="-122.35296"/>
      <trkpt lat="37.326213" lon="-122.352321"/>
      <trkpt lat="37.326014" lon="-122.35196"/>
      <trkpt lat="37.3259" lon="-122.351632"/>
      <trkpt lat="37.325857" lon="-122.351425"/>
      <trkpt lat="37.32582" lon="-122.351039"/>
      <trkpt lat="37.325886" lon="-122.349176"/>
      <trkpt lat="37.325923" lon="-122.348058"/>
      <trkpt lat="37.325855" lon="-122.34742"/>
      <trkpt lat="37.325764" lon="-122.346955"/>
      <trkpt lat="37.325625" lon="-122.346475"/>
      <trkpt lat="37.325406" lon="-122.345944"/>
      <trkpt lat="37.325177" lon="-122.345525"/>
      <trkpt lat="37.324899" lon="-122.34512"/>
      <trkpt lat="37.324544" lon="-122.344719"/>
      <trkpt lat="37.324183" lon="-122.344406"/>
      <trkpt lat="37.323938" lon="-122.344238"/>
      <trkpt lat="37.322866" lon="-122.343638"/>
      <trkpt lat="37.322651" lon="-122.34345"/>
      <trkpt lat="37.322436" lon="-122.343131"/>
      <trkpt lat="37.322314" lon="-122.342863"/>
      <trkpt lat="37.322225" lon="-122.34253"/>
      <trkpt lat="37.322079" lon="-122.341289"/>
      <trkpt lat="37.321974" lon="-122.340901"/>
      <trkpt lat="37.321829" lon="-122.3406"/>
      <trkpt lat="37.321661" lon="-122.340365"/>
      <trkpt lat="37.319227" lon="-122.337445"/>
      <trkpt lat="37.319002" lon="-122.33711"/>
      <trkpt lat="37.318854" lon="-122.336791"/>
      <trkpt lat="37.318713" lon="-122.336292"/>
      <trkpt lat="37.318662" lon="-122.335869"/>
      <trkpt lat="37.318685" lon="-122.335382"/>
      <trkpt lat="37.318809" lon="-122.334184"/>
      <trkpt lat="37.318799" lon="-122.333791"/>
      <trkpt lat="37.318723" lon="-122.333427"/>
      <trkpt lat="37.318573" lon="-122.333056"/>
      <trkpt lat="37.318419" lon="-122.332818"/>
      <trkpt lat="37.318195" lon="-122.332584"/>
      <trkpt lat="37.317783" lon="-122.332329"/>
      <trkpt lat="37.317053" lon="-122.331925"/>
      <trkpt lat="37.316819" lon="-122.331731"/>
      <trkpt lat="37.316573" lon="-122.331438"/>
      <trkpt lat="37.316385" lon="-122.331115"/>
      <trkpt lat="37.31581" lon="-122.329899"/>
      <trkpt lat="37.315598" lon="-122.329564"/>
      <trkpt lat="37.315253" lon="-122.329165"/>
      <trkpt lat="37.314356" lon="-122.328433"/>
      <trkpt lat="37.314102" lon="-122.328142"/>
      <trkpt lat="37.313974" lon="-122.327931"/>
      <trkpt lat="37.313791" lon="-122.327469"/>
      <trkpt lat="37.313274" lon="-122.325485"/>
      <trkpt lat="37.311935" lon="-122.320176"/>
      <trkpt lat="37.311847" lon="-122.319611"/>
      <trkpt lat="37.311835" lon="-122.319118"/>
      <trkpt lat="37.311878" lon="-122.318624"/>
      <trkpt lat="37.312414" lon="-122.315172"/>
      <trkpt lat="37.312654" lon="-122.314065"/>
      <trkpt lat="37.313808" lon="-122.30934"/>
      <trkpt lat="37.31393" lon="-122.308921"/>
      <trkpt lat="37.314136" lon="-122.308496"/>
      <trkpt lat="37.314504" lon="-122.307965"/>
      <trkpt lat="37.315747" lon="-122.306322"/>
      <trkpt lat="37.316025" lon="-122.305855"/>
      <trkpt lat="37.316217" lon="-122.305418"/>
      <trkpt lat="37.316401" lon="-122.304824"/>
      <trkpt lat="37.316494" lon="-122.304359"/>
      <trkpt lat="37.316532" lon="-122.303956"/>
      <trkpt lat="37.316602" lon="-122.301777"/>
      <trkpt lat="37.316664" lon="-122.301351"/>
      <trkpt lat="37.31681" lon="-122.300997"/>
      <trkpt lat="37.317028" lon="-122.300667"/>
      <trkpt lat="37.317657" lon="-122.299895"/>
      <trkpt lat="37.317875" lon="-122.299525"/>
      <trkpt lat="37.318012" lon="-122.299157"/>
      <trkpt lat="37.318109" lon="-122.298624"/>
      <trkpt lat="37.318512" lon="-122.295868"/>
      <trkpt lat="37.318515" lon="-122.295618"/>
      <trkpt lat="37.31847" lon="-122.295349"/>
      <trkpt lat="37.318324" lon="-122.295017"/>
      <trkpt lat="37.318134" lon="-122.294809"/>
      <trkpt lat="37.317888" lon="-122.294661"/>
      <trkpt lat="37.317692" lon="-122.294611"/>
      <trkpt lat="37.316551" lon="-122.294656"/>
      <trkpt lat="37.316402" lon="-122.294643"/>
      <trkpt lat="37.315465" lon="-122.294672"/>
      <trkpt lat="37.31521" lon="-122.294583"/>
      <trkpt lat="37.315089" lon="-122.294517"/>
      <trkpt lat="37.314861" lon="-122.294275"/>
      <trkpt lat="37.314729" lon="-122.294036"/>
      <trkpt lat="37.31461" lon="-122.293644"/>
      <trkpt lat="37.314597" lon="-122.293406"/>
      <trkpt lat="37.314628" lon="-122.293139"/>
      <trkpt lat="37.314737" lon="-122.292827"/>
      <trkpt lat="37.314969" lon="-122.292465"/>
      <trkpt lat="37.315227" lon="-122.292115"/>
      <trkpt lat="37.315312" lon="-122.291944"/>
      <trkpt lat="37.315364" lon="-122.291702"/>
      <trkpt lat="37.31536" lon="-122.291481"/>
      <trkpt lat="37.315304" lon="-122.291278"/>
      <trkpt lat="37.315214" lon="-122.291098"/>
      <trkpt lat="37.315057" lon="-122.290932"/>
      <trkpt lat="37.314914" lon="-122.290844"/>
      <trkpt lat="37.314757" lon="-122.290797"/>
      <trkpt lat="37.314005" lon="-122.290674"/>
      <trkpt lat="37.313667" lon="-122.290537"/>
      <trkpt lat="37.31304" lon="-122.290186"/>
      <trkpt lat="37.312732" lon="-122.289956"/>
      <trkpt lat="37.312564" lon="-122.289744"/>
      <trkpt lat="37.312464" lon="-122.289544"/>
      <trkpt lat="37.312402" lon="-122.289328"/>
      <trkpt lat="37.312381" lon="-122.289085"/>
      <trkpt lat="37.312443" lon="-122.288748"/>
      <trkpt lat="37.31252" lon="-122.288552"/>
      <trkpt lat="37.312713" lon="-122.288269"/>
      <trkpt lat="37.313302" lon="-122.287546"/>
      <trkpt lat="37.313402" lon="-122.287356"/>
      <trkpt lat="37.313483" lon="-122.287083"/>
      <trkpt lat="37.313513" lon="-122.286589"/>
      <trkpt lat="37.313561" lon="-122.284333"/>
      <trkpt lat="37.313535" lon="-122.284063"/>
      <trkpt lat="37.313443" lon="-122.283731"/>
      <trkpt lat="37.313319" lon="-122.283455"/>
      <trkpt lat="37.312974" lon="-122.28297"/>
      <trkpt lat="37.312546" lon="-122.282408"/>
      <trkpt lat="37.312434" lon="-122.282286"/>
      <trkpt lat="37.312242" lon="-122.282156"/>
      <trkpt lat="37.312001" lon="-122.282092"/>
      <trkpt lat="37.31141" lon="-122.282107"/>
      <trkpt lat="37.311204" lon="-122.282061"/>
      <trkpt lat="37.311043" lon="-122.281963"/>
      <trkpt lat="37.310939" lon="-122.281855"/>
      <trkpt lat="37.310841" lon="-122.281669"/>
      <trkpt lat="37.310789" lon="-122.281438"/>
      <trkpt lat="37.310811" lon="-122.281152"/>
      <trkpt lat="37.310999" lon="-122.280379"/>
      <trkpt lat="37.311013" lon="-122.280126"/>
      <trkpt lat="37.310983" lon="-122.279939"/>
      <trkpt lat="37.310841" lon="-122.279657"/>
      <trkpt lat="37.31042" lon="-122.2791"/>
      <trkpt lat="37.310312" lon="-122.27889"/>
      <trkpt lat="37.310252" lon="-122.278595"/>
      <trkpt lat="37.310258" lon="-122.278341"/>
      <trkpt lat="37.310308" lon="-122.278114"/>
      <trkpt lat="37.310437" lon="-122.277844"/>
      <trkpt lat="37.310537" lon="-122.277726"/>
      <trkpt lat="37.31123" lon="-122.277254"/>
      <trkpt lat="37.311444" lon="-122.277066"/>
      <trkpt lat="37.31246" lon="-122.275688"/>
      <trkpt lat="37.312643" lon="-122.275494"/>
      <trkpt lat="37.312769" lon="-122.275409"/>
      <trkpt lat="37.312938" lon="-122.27536"/>
      <trkpt lat="37.313082" lon="-122.275351"/>
      <trkpt lat="37.313264" lon="-122.275399"/>
      <trkpt lat="37.313412" lon="-122.275496"/>
      <trkpt lat="37.313849" lon="-122.275921"/>
      <trkpt lat="37.31399" lon="-122.276004"/>
      <trkpt lat="37.314193" lon="-122.276028"/>
      <trkpt lat="37.314388" lon="-122.275977"/>
      <trkpt lat="37.314579" lon="-122.275787"/>
      <trkpt lat="37.314663" lon="-122.275648"/>
      <trkpt lat="37.314983" lon="-122.274909"/>
      <trkpt lat="37.315104" lon="-122.274745"/>
      <trkpt lat="37.315244" lon="-122.274631"/>
      <trkpt lat="37.315364" lon="-122.274574"/>
      <trkpt lat="37.315576" lon="-122.274553"/>
      <trkpt lat="37.315742" lon="-122.274598"/>
      <trkpt lat="37.316229" lon="-122.274853"/>
      <trkpt lat="37.31643" lon="-122.27491"/>
      <trkpt lat="37.316644" lon="-122.274902"/>
      <trkpt lat="37.316806" lon="-122.274852"/>
      <trkpt lat="37.317637" lon="-122.274512"/>
      <trkpt lat="37.318005" lon="-122.274429"/>
      <trkpt lat="37.318523" lon="-122.274377"/>
      <trkpt lat="37.318862" lon="-122.274354"/>
      <trkpt lat="37.319055" lon="-122.274326"/>
      <trkpt lat="37.319032" lon="-122.274033"/>
      <trkpt lat="37.319032" lon="-122.272551"/>
      <trkpt lat="37.318951" lon="-122.272221"/>
      <trkpt lat="37.318725" lon="-122.271438"/>
      <trkpt lat="37.31863" lon="-122.27123"/>
      <trkpt lat="37.318276" lon="-122.271342"/>
      <trkpt lat="37.31684" lon="-122.271432"/>
      <trkpt lat="37.31667" lon="-122.27149"/>
      <trkpt lat="37.316479" lon="-122.271603"/>
      <trkpt lat="37.31638" lon="-122.271676"/>
      <trkpt lat="37.316065" lon="-122.271602"/>
      <trkpt lat="37.315964" lon="-122.271399"/>
      <trkpt lat="37.315926" lon="-122.271161"/>
      <trkpt lat="37.315893" lon="-122.270715"/>
      <trkpt lat="37.315811" lon="-122.270277"/>
      <trkpt lat="37.315719" lon="-122.270005"/>
      <trkpt lat="37.315653" lon="-122.26989"/>
      <trkpt lat="37.315514" lon="-122.269762"/>
      <trkpt lat="37.315343" lon="-122.269699"/>
      <trkpt lat="37.315212" lon="-122.269669"/>
      <trkpt lat="37.315122" lon="-122.269612"/>
      <trkpt lat="37.314941" lon="-122.269276"/>
      <trkpt lat="37.314679" lon="-122.268923"/>
      <trkpt lat="37.314642" lon="-122.268789"/>
      <trkpt lat="37.314667" lon="-122.268621"/>
      <trkpt lat="37.314736" lon="-122.268559"/>
      <trkpt lat="37.314982" lon="-122.268495"/>
      <trkpt lat="37.315092" lon="-122.268386"/>
      <trkpt lat="37.315116" lon="-122.268301"/>
      <trkpt lat="37.315116" lon="-122.268112"/>
      <trkpt lat="37.315066" lon="-122.26801"/>
      <trkpt lat="37.315019" lon="-122.267946"/>
      <trkpt lat="37.314844" lon="-122.267597"/>
      <trkpt lat="37.314616" lon="-122.267693"/>
      <trkpt lat="37.314587" lon="-122.267564"/>
      <trkpt lat="37.314788" lon="-122.267377"/>
      <trkpt lat="37.314844" lon="-122.267597"/>
      <trkpt lat="37.315034" lon="-122.267972"/>
      <trkpt lat="37.315104" lon="-122.268071"/>
      <trkpt lat="37.315119" lon="-122.268235"/>
      <trkpt lat="37.315111" lon="-122.268341"/>
      <trkpt lat="37.315045" lon="-122.268442"/>
      <trkpt lat="37.314942" lon="-122.268516"/>
      <trkpt lat="37.314715" lon="-122.268571"/>
      <trkpt lat="37.314667" lon="-122.268621"/>
      <trkpt lat="37.314642" lon="-122.268789"/>
      <trkpt lat="37.314679" lon="-122.268923"/>
      <trkpt lat="37.314972" lon="-122.269334"/>
      <trkpt lat="37.315122" lon="-122.269612"/>
      <trkpt lat="37.315234" lon="-122.269683"/>
      <trkpt lat="37.315413" lon="-122.269723"/>
      <trkpt lat="37.315514" lon="-122.269762"/>
      <trkpt lat="37.315653" lon="-122.26989"/>
      <trkpt lat="37.315744" lon="-122.270069"/>
      <trkpt lat="37.315811" lon="-122.270277"/>
      <trkpt lat="37.3159" lon="-122.270782"/>
      <trkpt lat="37.315938" lon="-122.271269"/>
      <trkpt lat="37.31598" lon="-122.271443"/>
      <trkpt lat="37.316065" lon="-122.271602"/>
      <trkpt lat="37.31638" lon="-122.271676"/>
      <trkpt lat="37.316543" lon="-122.271557"/>
      <trkpt lat="37.316772" lon="-122.271444"/>
      <trkpt lat="37.317747" lon="-122.271367"/>
      <trkpt lat="37.318315" lon="-122.271338"/>
      <trkpt lat="37.31863" lon="-122.27123"/>
      <trkpt lat="37.318762" lon="-122.271537"/>
      <trkpt lat="37.319023" lon="-122.272497"/>
      <trkpt lat="37.31904" lon="-122.272745"/>
      <trkpt lat="37.319033" lon="-122.274162"/>
      <trkpt lat="37.319055" lon="-122.274326"/>
      <trkpt lat="37.319598" lon="-122.27433"/>
      <trkpt lat="37.321705" lon="-122.274591"/>
      <trkpt lat="37.322097" lon="-122.274635"/>
      <trkpt lat="37.322349" lon="-122.274596"/>
      <trkpt lat="37.32259" lon="-122.274456"/>
      <trkpt lat="37.322967" lon="-122.274016"/>
      <trkpt lat="37.323583" lon="-122.273247"/>
      <trkpt lat="37.323772" lon="-122.273098"/>
      <trkpt lat="37.323959" lon="-122.27302"/>
      <trkpt lat="37.324224" lon="-122.27301"/>
      <trkpt lat="37.324417" lon="-122.273076"/>
      <trkpt lat="37.324598" lon="-122.273206"/>
      <trkpt lat="37.324796" lon="-122.27346"/>
      <trkpt lat="37.325198" lon="-122.274097"/>
      <trkpt lat="37.325369" lon="-122.274278"/>
      <trkpt lat="37.325536" lon="-122.274356"/>
      <trkpt lat="37.325702" lon="-122.274331"/>
      <trkpt lat="37.325868" lon="-122.274248"/>
      <trkpt lat="37.325987" lon="-122.274127"/>
      <trkpt lat="37.326038" lon="-122.274002"/>
      <trkpt lat="37.326074" lon="-122.273647"/>
      <trkpt lat="37.326095" lon="-122.273203"/>
      <trkpt lat="37.32616" lon="-122.272989"/>
      <trkpt lat="37.326289" lon="-122.272776"/>
      <trkpt lat="37.326435" lon="-122.272648"/>
      <trkpt lat="37.326643" lon="-122.272486"/>
      <trkpt lat="37.326739" lon="-122.272309"/>
      <trkpt lat="37.326813" lon="-122.272059"/>
      <trkpt lat="37.326891" lon="-122.271414"/>
      <trkpt lat="37.326953" lon="-122.271251"/>
      <trkpt lat="37.327046" lon="-122.271131"/>
      <trkpt lat="37.327262" lon="-122.270997"/>
      <trkpt lat="37.327403" lon="-122.270992"/>
      <trkpt lat="37.327564" lon="-122.271054"/>
      <trkpt lat="37.327834" lon="-122.271267"/>
      <trkpt lat="37.327954" lon="-122.271299"/>
      <trkpt lat="37.328118" lon="-122.271289"/>
      <trkpt lat="37.329082" lon="-122.270637"/>
      <trkpt lat="37.329273" lon="-122.270408"/>
      <trkpt lat="37.329529" lon="-122.269908"/>
      <trkpt lat="37.329647" lon="-122.269653"/>
      <trkpt lat="37.329823" lon="-122.269515"/>
      <trkpt lat="37.330051" lon="-122.269462"/>
      <trkpt lat="37.330171" lon="-122.269489"/>
      <trkpt lat="37.330317" lon="-122.269597"/>
      <trkpt lat="37.330459" lon="-122.269794"/>
      <trkpt lat="37.330621" lon="-122.270262"/>
      <trkpt lat="37.330729" lon="-122.270425"/>
      <trkpt lat="37.33095" lon="-122.270589"/>
      <trkpt lat="37.331141" lon="-122.270667"/>
      <trkpt lat="37.331623" lon="-122.270823"/>
      <trkpt lat="37.332128" lon="-122.271061"/>
      <trkpt lat="37.332716" lon="-122.271386"/>
      <trkpt lat="37.332888" lon="-122.271413"/>
      <trkpt lat="37.332995" lon="-122.271396"/>
      <trkpt lat="37.333173" lon="-122.271246"/>
      <trkpt lat="37.333379" lon="-122.270914"/>
      <trkpt lat="37.334002" lon="-122.269727"/>
      <trkpt lat="37.334195" lon="-122.269456"/>
      <trkpt lat="37.334343" lon="-122.269359"/>
      <trkpt lat="37.334549" lon="-122.269322"/>
      <trkpt lat="37.334739" lon="-122.269368"/>
      <trkpt lat="37.335038" lon="-122.269562"/>
      <trkpt lat="37.335257" lon="-122.26962"/>
      <trkpt lat="37.335416" lon="-122.269602"/>
      <trkpt lat="37.335704" lon="-122.269429"/>
      <trkpt lat="37.336079" lon="-122.269072"/>
      <trkpt lat="37.336228" lon="-122.268993"/>
      <trkpt lat="37.336432" lon="-122.268994"/>
      <trkpt lat="37.336529" lon="-122.269025"/>
      <trkpt lat="37.336636" lon="-122.269108"/>
      <trkpt lat="37.336883" lon="-122.26935"/>
      <trkpt lat="37.336994" lon="-122.269426"/>
      <trkpt lat="37.337286" lon="-122.269443"/>
      <trkpt lat="37.337726" lon="-122.269371"/>
      <trkpt lat="37.337848" lon="-122.269402"/>
      <trkpt lat="37.33798" lon="-122.269521"/>
      <trkpt lat="37.338276" lon="-122.269893"/>
      <trkpt lat="37.338459" lon="-122.270037"/>
      <trkpt lat="37.338734" lon="-122.27012"/>
      <trkpt lat="37.339077" lon="-122.270197"/>
      <trkpt lat="37.339753" lon="-122.270284"/>
      <trkpt lat="37.339959" lon="-122.270344"/>
      <trkpt lat="37.340586" lon="-122.270722"/>
      <trkpt lat="37.342022" lon="-122.271759"/>
      <trkpt lat="37.342273" lon="-122.271909"/>
      <trkpt lat="37.342809" lon="-122.272059"/>
      <trkpt lat="37.344353" lon="-122.272343"/>
      <trkpt lat="37.34467" lon="-122.272335"/>
      <trkpt lat="37.345003" lon="-122.272244"/>
      <trkpt lat="37.34526" lon="-122.272107"/>
      <trkpt lat="37.345522" lon="-122.271885"/>
      <trkpt lat="37.345746" lon="-122.271594"/>
      <trkpt lat="37.345949" lon="-122.271191"/>
      <trkpt lat="37.346216" lon="-122.270399"/>
      <trkpt lat="37.34639" lon="-122.269763"/>
      <trkpt lat="37.346506" lon="-122.26916"/>
      <trkpt lat="37.34654" lon="-122.268837"/>
      <trkpt lat="37.346525" lon="-122.268523"/>
      <trkpt lat="37.346399" lon="-122.268053"/>
      <trkpt lat="37.346249" lon="-122.267573"/>
      <trkpt lat="37.346227" lon="-122.267291"/>
      <trkpt lat="37.346269" lon="-122.267033"/>
      <trkpt lat="37.346372" lon="-122.266771"/>
      <trkpt lat="37.34655" lon="-122.266517"/>
      <trkpt lat="37.346684" lon="-122.266387"/>
      <trkpt lat="37.34686" lon="-122.266294"/>
      <trkpt lat="37.347091" lon="-122.266232"/>
      <trkpt lat="37.347282" lon="-122.266235"/>
      <trkpt lat="37.347528" lon="-122.266314"/>
      <trkpt lat="37.348336" lon="-122.26664"/>
      <trkpt lat="37.348564" lon="-122.266694"/>
      <trkpt lat="37.348831" lon="-122.266677"/>
      <trkpt lat="37.349404" lon="-122.266557"/>
      <trkpt lat="37.349581" lon="-122.266449"/>
      <trkpt lat="37.349744" lon="-122.266258"/>
      <trkpt lat="37.349945" lon="-122.265981"/>
      <trkpt lat="37.350154" lon="-122.265841"/>
      <trkpt lat="37.350395" lon="-122.265686"/>
      <trkpt lat="37.350525" lon="-122.265516"/>
      <trkpt lat="37.350831" lon="-122.264799"/>
      <trkpt lat="37.350963" lon="-122.264604"/>
      <trkpt lat="37.351127" lon="-122.264458"/>
      <trkpt lat="37.351387" lon="-122.264371"/>
      <trkpt lat="37.351813" lon="-122.264304"/>
      <trkpt lat="37.352218" lon="-122.264341"/>
      <trkpt lat="37.352742" lon="-122.26438"/>
      <trkpt lat="37.352981" lon="-122.264338"/>
      <trkpt lat="37.353303" lon="-122.264259"/>
      <trkpt lat="37.353956" lon="-122.264269"/>
      <trkpt lat="37.354224" lon="-122.264329"/>
      <trkpt lat="37.354393" lon="-122.26444"/>
      <trkpt lat="37.35478" lon="-122.264812"/>
      <trkpt lat="37.35606" lon="-122.266153"/>
      <trkpt lat="37.356229" lon="-122.266289"/>
      <trkpt lat="37.35645" lon="-122.266382"/>
      <trkpt lat="37.356684" lon="-122.266383"/>
      <trkpt lat="37.35689" lon="-122.266333"/>
      <trkpt lat="37.357123" lon="-122.266175"/>
      <trkpt lat="37.357481" lon="-122.265809"/>
      <trkpt lat="37.357816" lon="-122.265388"/>
      <trkpt lat="37.358092" lon="-122.26514"/>
      <trkpt lat="37.358652" lon="-122.264758"/>
      <trkpt lat="37.359285" lon="-122.264212"/>
      <trkpt lat="37.359502" lon="-122.263957"/>
      <trkpt lat="37.359596" lon="-122.26374"/>
      <trkpt lat="37.359628" lon="-122.263539"/>
      <trkpt lat="37.359639" lon="-122.263217"/>
      <trkpt lat="37.359548" lon="-122.263008"/>
      <trkpt lat="37.35942" lon="-122.262595"/>
      <trkpt lat="37.359373" lon="-122.262149"/>
      <trkpt lat="37.359383" lon="-122.261837"/>
      <trkpt lat="37.359446" lon="-122.261543"/>
      <trkpt lat="37.359557" lon="-122.26126"/>
      <trkpt lat="37.359762" lon="-122.260931"/>
      <trkpt lat="37.360095" lon="-122.260624"/>
      <trkpt lat="37.360308" lon="-122.260475"/>
      <trkpt lat="37.360657" lon="-122.260424"/>
      <trkpt lat="37.361159" lon="-122.260407"/>
      <trkpt lat="37.361258" lon="-122.260434"/>
      <trkpt lat="37.361445" lon="-122.260637"/>
      <trkpt lat="37.361569" lon="-122.260841"/>
      <trkpt lat="37.361741" lon="-122.261"/>
      <trkpt lat="37.361951" lon="-122.261122"/>
      <trkpt lat="37.362108" lon="-122.261152"/>
      <trkpt lat="37.362268" lon="-122.261112"/>
      <trkpt lat="37.362422" lon="-122.261006"/>
      <trkpt lat="37.362562" lon="-122.260806"/>
      <trkpt lat="37.362769" lon="-122.26042"/>
      <trkpt lat="37.362899" lon="-122.260309"/>
      <trkpt lat="37.363171" lon="-122.260247"/>
      <trkpt lat="37.363316" lon="-122.260273"/>
      <trkpt lat="37.363447" lon="-122.260343"/>
      <trkpt lat="37.363591" lon="-122.260515"/>
      <trkpt lat="37.363885" lon="-122.261108"/>
      <trkpt lat="37.364038" lon="-122.261455"/>
      <trkpt lat="37.364103" lon="-122.26176"/>
      <trkpt lat="37.364159" lon="-122.262099"/>
      <trkpt lat="37.36424" lon="-122.262331"/>
      <trkpt lat="37.364358" lon="-122.262498"/>
      <trkpt lat="37.364553" lon="-122.262649"/>
      <trkpt lat="37.36558" lon="-122.263114"/>
      <trkpt lat="37.365739" lon="-122.263136"/>
      <trkpt lat="37.365954" lon="-122.263075"/>
      <trkpt lat="37.366141" lon="-122.262913"/>
      <trkpt lat="37.366619" lon="-122.262073"/>
      <trkpt lat="37.366763" lon="-122.261903"/>
      <trkpt lat="37.366939" lon="-122.261797"/>
      <trkpt lat="37.367374" lon="-122.261626"/>
      <trkpt lat="37.367548" lon="-122.261603"/>
      <trkpt lat="37.367732" lon="-122.261652"/>
      <trkpt lat="37.367849" lon="-122.261736"/>
      <trkpt lat="37.367974" lon="-122.261894"/>
      <trkpt lat="37.36805" lon="-122.262088"/>
      <trkpt lat="37.368092" lon="-122.262382"/>
      <trkpt lat="37.368112" lon="-122.263131"/>
      <trkpt lat="37.368152" lon="-122.263281"/>
      <trkpt lat="37.368262" lon="-122.263467"/>
      <trkpt lat="37.368419" lon="-122.263593"/>
      <trkpt lat="37.368605" lon="-122.263644"/>
      <trkpt lat="37.368929" lon="-122.263564"/>
      <trkpt lat="37.369166" lon="-122.263522"/>
      <trkpt lat="37.36937" lon="-122.26358"/>
      <trkpt lat="37.369548" lon="-122.263727"/>
      <trkpt lat="37.369819" lon="-122.263967"/>
      <trkpt lat="37.370013" lon="-122.26405"/>
      <trkpt lat="37.370226" lon="-122.264067"/>
      <trkpt lat="37.370433" lon="-122.264007"/>
      <trkpt lat="37.370662" lon="-122.263827"/>
      <trkpt lat="37.371437" lon="-122.2629"/>
      <trkpt lat="37.371572" lon="-122.262812"/>
      <trkpt lat="37.371729" lon="-122.262781"/>
      <trkpt lat="37.371931" lon="-122.26284"/>
      <trkpt lat="37.372033" lon="-122.262967"/>
      <trkpt lat="37.3721" lon="-122.263131"/>
      <trkpt lat="37.372125" lon="-122.263387"/>
      <trkpt lat="37.372099" lon="-122.263904"/>
      <trkpt lat="37.372172" lon="-122.264166"/>
      <trkpt lat="37.372265" lon="-122.264339"/>
      <trkpt lat="37.372395" lon="-122.264459"/>
      <trkpt lat="37.372556" lon="-122.264514"/>
      <trkpt lat="37.37282" lon="-122.26451"/>
      <trkpt lat="37.373364" lon="-122.264312"/>
      <trkpt lat="37.373478" lon="-122.264314"/>
      <trkpt lat="37.373641" lon="-122.264389"/>
      <trkpt lat="37.373822" lon="-122.264621"/>
      <trkpt lat="37.373956" lon="-122.264788"/>
      <trkpt lat="37.37415" lon="-122.26493"/>
      <trkpt lat="37.374568" lon="-122.265026"/>
      <trkpt lat="37.37472" lon="-122.265117"/>
      <trkpt lat="37.374959" lon="-122.265389"/>
      <trkpt lat="37.3751" lon="-122.265456"/>
      <trkpt lat="37.375531" lon="-122.265488"/>
      <trkpt lat="37.375871" lon="-122.265563"/>
      <trkpt lat="37.376093" lon="-122.265526"/>
      <trkpt lat="37.377215" lon="-122.265108"/>
      <trkpt lat="37.377487" lon="-122.265096"/>
      <trkpt lat="37.37775" lon="-122.265076"/>
      <trkpt lat="37.378226" lon="-122.264939"/>
      <trkpt lat="37.378818" lon="-122.264911"/>
      <trkpt lat="37.379344" lon="-122.264767"/>
      <trkpt lat="37.379566" lon="-122.26478"/>
      <trkpt lat="37.380016" lon="-122.26493"/>
      <trkpt lat="37.38027" lon="-122.264938"/>
      <trkpt lat="37.380514" lon="-122.264869"/>
      <trkpt lat="37.380868" lon="-122.264663"/>
      <trkpt lat="37.381694" lon="-122.264468"/>
      <trkpt lat="37.382033" lon="-122.26437"/>
      <trkpt lat="37.382235" lon="-122.26438"/>
      <trkpt lat="37.382404" lon="-122.264459"/>
      <trkpt lat="37.382507" lon="-122.264559"/>
      <trkpt lat="37.38274" lon="-122.264931"/>
      <trkpt lat="37.382861" lon="-122.26503"/>
      <trkpt lat="37.383004" lon="-122.265053"/>
      <trkpt lat="37.38337" lon="-122.264982"/>
      <trkpt lat="37.383553" lon="-122.265002"/>
      <trkpt lat="37.383727" lon="-122.265109"/>
      <trkpt lat="37.383891" lon="-122.265276"/>
      <trkpt lat="37.384096" lon="-122.26558"/>
      <trkpt lat="37.384233" lon="-122.265896"/>
      <trkpt lat="37.384313" lon="-122.266185"/>
      <trkpt lat="37.384465" lon="-122.266522"/>
      <trkpt lat="37.38464" lon="-122.266771"/>
      <trkpt lat="37.384854" lon="-122.267"/>
      <trkpt lat="37.385056" lon="-122.26716"/>
      <trkpt lat="37.385532" lon="-122.267346"/>
      <trkpt lat="37.385759" lon="-122.267368"/>
      <trkpt lat="37.385896" lon="-122.267339"/>
      <trkpt lat="37.386026" lon="-122.267249"/>
      <trkpt lat="37.386182" lon="-122.267018"/>
      <trkpt lat="37.386282" lon="-122.266777"/>
      <trkpt lat="37.386334" lon="-122.266453"/>
      <trkpt lat="37.386308" lon="-122.266159"/>
      <trkpt lat="37.386218" lon="-122.265616"/>
      <trkpt lat="37.386217" lon="-122.265411"/>
      <trkpt lat="37.386255" lon="-122.26513"/>
      <trkpt lat="37.38634" lon="-122.264772"/>
      <trkpt lat="37.386371" lon="-122.264307"/>
      <trkpt lat="37.386342" lon="-122.263984"/>
      <trkpt lat="37.386275" lon="-122.263752"/>
      <trkpt lat="37.386072" lon="-122.263332"/>
      <trkpt lat="37.385626" lon="-122.262592"/>
      <trkpt lat="37.385086" lon="-122.261864"/>
      <trkpt lat="37.385043" lon="-122.261738"/>
      <trkpt lat="37.385039" lon="-122.261534"/>
      <trkpt lat="37.385112" lon="-122.261348"/>
      <trkpt lat="37.385199" lon="-122.261317"/>
      <trkpt lat="37.385516" lon="-122.261396"/>
      <trkpt lat="37.385676" lon="-122.261389"/>
      <trkpt lat="37.385966" lon="-122.261334"/>
      <trkpt lat="37.386079" lon="-122.261351"/>
      <trkpt lat="37.386174" lon="-122.261427"/>
      <trkpt lat="37.386245" lon="-122.261629"/>
      <trkpt lat="37.38637" lon="-122.26206"/>
      <trkpt lat="37.386508" lon="-122.262333"/>
      <trkpt lat="37.386652" lon="-122.262492"/>
      <trkpt lat="37.386742" lon="-122.262513"/>
      <trkpt lat="37.387047" lon="-122.262402"/>
      <trkpt lat="37.387603" lon="-122.262329"/>
      <trkpt lat="37.387716" lon="-122.262361"/>
      <trkpt lat="37.387827" lon="-122.262472"/>
      <trkpt lat="37.387881" lon="-122.262709"/>
      <trkpt lat="37.387926" lon="-122.262924"/>
      <trkpt lat="37.38816" lon="-122.263314"/>
      <trkpt lat="37.38837" lon="-122.26354"/>
      <trkpt lat="37.388457" lon="-122.263606"/>
      <trkpt lat="37.388873" lon="-122.263759"/>
      <trkpt lat="37.389099" lon="-122.263851"/>
      <trkpt lat="37.389232" lon="-122.26383"/>
      <trkpt lat="37.389353" lon="-122.263736"/>
      <trkpt lat="37.38946" lon="-122.263568"/>
      <trkpt lat="37.389578" lon="-122.263278"/>
      <trkpt lat="37.38973" lon="-122.263088"/>
      <trkpt lat="37.389902" lon="-122.262887"/>
      <trkpt lat="37.389966" lon="-122.262707"/>
      <trkpt lat="37.390134" lon="-122.262021"/>
      <trkpt lat="37.390185" lon="-122.261642"/>
      <trkpt lat="37.390242" lon="-122.261548"/>
      <trkpt lat="37.390376" lon="-122.26149"/>
      <trkpt lat="37.390612" lon="-122.261614"/>
      <trkpt lat="37.390763" lon="-122.261654"/>
      <trkpt lat="37.39088" lon="-122.261621"/>
      <trkpt lat="37.39133" lon="-122.261187"/>
      <trkpt lat="37.391448" lon="-122.261166"/>
      <trkpt lat="37.391591" lon="-122.26123"/>
      <trkpt lat="37.391983" lon="-122.261615"/>
      <trkpt lat="37.392063" lon="-122.261734"/>
      <trkpt lat="37.392088" lon="-122.261846"/>
      <trkpt lat="37.392084" lon="-122.26208"/>
      <trkpt lat="37.392117" lon="-122.262205"/>
      <trkpt lat="37.392169" lon="-122.262274"/>
      <trkpt lat="37.392238" lon="-122.262302"/>
      <trkpt lat="37.392331" lon="-122.262277"/>
      <trkpt lat="37.392372" lon="-122.262242"/>
      <trkpt lat="37.392624" lon="-122.261599"/>
      <trkpt lat="37.392649" lon="-122.261519"/>
      <trkpt lat="37.392871" lon="-122.261135"/>
      <trkpt lat="37.393017" lon="-122.260903"/>
      <trkpt lat="37.393055" lon="-122.260755"/>
      <trkpt lat="37.39304" lon="-122.260605"/>
      <trkpt lat="37.39288" lon="-122.260179"/>
      <trkpt lat="37.392811" lon="-122.259941"/>
      <trkpt lat="37.392682" lon="-122.259742"/>
      <trkpt lat="37.392491" lon="-122.259504"/>
      <trkpt lat="37.392429" lon="-122.259322"/>
      <trkpt lat="37.392387" lon="-122.257951"/>
      <trkpt lat="37.392419" lon="-122.257716"/>
      <trkpt lat="37.392498" lon="-122.257537"/>
      <trkpt lat="37.392636" lon="-122.257381"/>
      <trkpt lat="37.392862" lon="-122.25718"/>
      <trkpt lat="37.392972" lon="-122.256965"/>
      <trkpt lat="37.393103" lon="-122.256658"/>
      <trkpt lat="37.393204" lon="-122.256543"/>
      <trkpt lat="37.393355" lon="-122.256472"/>
      <trkpt lat="37.393528" lon="-122.256506"/>
      <trkpt lat="37.393977" lon="-122.256678"/>
      <trkpt lat="37.394317" lon="-122.256719"/>
      <trkpt lat="37.394505" lon="-122.256821"/>
      <trkpt lat="37.394717" lon="-122.257031"/>
      <trkpt lat="37.394938" lon="-122.257307"/>
      <trkpt lat="37.395086" lon="-122.257399"/>
      <trkpt lat="37.395233" lon="-122.257395"/>
      <trkpt lat="37.395728" lon="-122.257179"/>
      <trkpt lat="37.396068" lon="-122.257167"/>
      <trkpt lat="37.396414" lon="-122.257162"/>
      <trkpt lat="37.396722" lon="-122.257071"/>
      <trkpt lat="37.396853" lon="-122.257091"/>
      <trkpt lat="37.397038" lon="-122.257221"/>
      <trkpt lat="37.397179" lon="-122.257399"/>
      <trkpt lat="37.397575" lon="-122.258009"/>
      <trkpt lat="37.397634" lon="-122.258197"/>
      <trkpt lat="37.397656" lon="-122.258575"/>
      <trkpt lat="37.397718" lon="-122.258693"/>
      <trkpt lat="37.397804" lon="-122.258766"/>
      <trkpt lat="37.397931" lon="-122.258777"/>
      <trkpt lat="37.398041" lon="-122.258739"/>
      <trkpt lat="37.398151" lon="-122.258648"/>
      <trkpt lat="37.398234" lon="-122.258527"/>
      <trkpt lat="37.398303" lon="-122.258352"/>
      <trkpt lat="37.398318" lon="-122.258182"/>
      <trkpt lat="37.398282" lon="-122.258037"/>
      <trkpt lat="37.398178" lon="-122.257876"/>
      <trkpt lat="37.397884" lon="-122.257568"/>
      <trkpt lat="37.397318" lon="-122.25677"/>
      <trkpt lat="37.397234" lon="-122.256532"/>
      <trkpt lat="37.397206" lon="-122.256245"/>
      <trkpt lat="37.397255" lon="-122.255421"/>
      <trkpt lat="37.397231" lon="-122.255117"/>
      <trkpt lat="37.397073" lon="-122.254605"/>
      <trkpt lat="37.397062" lon="-122.25445"/>
      <trkpt lat="37.397104" lon="-122.25435"/>
      <trkpt lat="37.397195" lon="-122.254255"/>
      <trkpt lat="37.39738" lon="-122.254163"/>
      <trkpt lat="37.397631" lon="-122.254336"/>
      <trkpt lat="37.397761" lon="-122.254506"/>
      <trkpt lat="37.397868" lon="-122.254779"/>
      <trkpt lat="37.398049" lon="-122.255565"/>
      <trkpt lat="37.39816" lon="-122.255851"/>
      <trkpt lat="37.398274" lon="-122.256036"/>
      <trkpt lat="37.398429" lon="-122.256155"/>
      <trkpt lat="37.398554" lon="-122.256177"/>
      <trkpt lat="37.398784" lon="-122.256087"/>
      <trkpt lat="37.399282" lon="-122.255862"/>
      <trkpt lat="37.399456" lon="-122.255854"/>
      <trkpt lat="37.399856" lon="-122.256079"/>
      <trkpt lat="37.400108" lon="-122.256255"/>
      <trkpt lat="37.400412" lon="-122.256539"/>
      <trkpt lat="37.400602" lon="-122.256641"/>
      <trkpt lat="37.400889" lon="-122.256678"/>
      <trkpt lat="37.401183" lon="-122.256684"/>
      <trkpt lat="37.401276" lon="-122.256742"/>
      <trkpt lat="37.401332" lon="-122.25687"/>
      <trkpt lat="37.401326" lon="-122.256989"/>
      <trkpt lat="37.401114" lon="-122.257577"/>
      <trkpt lat="37.401013" lon="-122.257751"/>
      <trkpt lat="37.400841" lon="-122.25798"/>
      <trkpt lat="37.400762" lon="-122.258222"/>
      <trkpt lat="37.400702" lon="-122.258441"/>
      <trkpt lat="37.400444" lon="-122.25896"/>
      <trkpt lat="37.400307" lon="-122.25939"/>
      <trkpt lat="37.400191" lon="-122.259552"/>
      <trkpt lat="37.399981" lon="-122.259723"/>
      <trkpt lat="37.39923" lon="-122.260174"/>
      <trkpt lat="37.398611" lon="-122.260667"/>
      <trkpt lat="37.398266" lon="-122.261044"/>
      <trkpt lat="37.398179" lon="-122.261182"/>
      <trkpt lat="37.398176" lon="-122.261317"/>
      <trkpt lat="37.39823" lon="-122.261421"/>
      <trkpt lat="37.398385" lon="-122.261462"/>
      <trkpt lat="37.398559" lon="-122.261415"/>
      <trkpt lat="37.398888" lon="-122.261246"/>
      <trkpt lat="37.399524" lon="-122.261109"/>
      <trkpt lat="37.399857" lon="-122.260965"/>
      <trkpt lat="37.400304" lon="-122.260662"/>
      <trkpt lat="37.400904" lon="-122.260382"/>
      <trkpt lat="37.401123" lon="-122.260227"/>
      <trkpt lat="37.40127" lon="-122.260007"/>
      <trkpt lat="37.401656" lon="-122.259569"/>
      <trkpt lat="37.402238" lon="-122.258789"/>
      <trkpt lat="37.402443" lon="-122.258627"/>
      <trkpt lat="37.402847" lon="-122.258448"/>
      <trkpt lat="37.402934" lon="-122.258372"/>
      <trkpt lat="37.403081" lon="-122.258097"/>
      <trkpt lat="37.403341" lon="-122.257891"/>
      <trkpt lat="37.403574" lon="-122.257727"/>
      <trkpt lat="37.403682" lon="-122.257615"/>
      <trkpt lat="37.40376" lon="-122.257464"/>
      <trkpt lat="37.403882" lon="-122.257066"/>
      <trkpt lat="37.404011" lon="-122.256858"/>
      <trkpt lat="37.404175" lon="-122.256725"/>
      <trkpt lat="37.40458" lon="-122.256576"/>
      <trkpt lat="37.404917" lon="-122.256412"/>
      <trkpt lat="37.405134" lon="-122.256391"/>
      <trkpt lat="37.405258" lon="-122.256426"/>
      <trkpt lat="37.405344" lon="-122.2565"/>
      <trkpt lat="37.405498" lon="-122.256675"/>
      <trkpt lat="37.405611" lon="-122.256713"/>
      <trkpt lat="37.405709" lon="-122.256688"/>
      <trkpt lat="37.405956" lon="-122.256503"/>
      <trkpt lat="37.406044" lon="-122.256484"/>
      <trkpt lat="37.406164" lon="-122.256523"/>
      <trkpt lat="37.406434" lon="-122.25668"/>
      <trkpt lat="37.406848" lon="-122.256773"/>
      <trkpt lat="37.407495" lon="-122.257066"/>
      <trkpt lat="37.407728" lon="-122.257265"/>
      <trkpt lat="37.409527" lon="-122.259046"/>
      <trkpt lat="37.411152" lon="-122.260587"/>
      <trkpt lat="37.412603" lon="-122.262017"/>
      <trkpt lat="37.415379" lon="-122.264716"/>
      <trkpt lat="37.41669" lon="-122.266071"/>
      <trkpt lat="37.416942" lon="-122.266375"/>
      <trkpt lat="37.417635" lon="-122.26756"/>
      <trkpt lat="37.417769" lon="-122.26771"/>
      <trkpt lat="37.419607" lon="-122.269228"/>
      <trkpt lat="37.419868" lon="-122.269376"/>
      <trkpt lat="37.420132" lon="-122.269451"/>
      <trkpt lat="37.420458" lon="-122.269456"/>
      <trkpt lat="37.420692" lon="-122.269389"/>
      <trkpt lat="37.421019" lon="-122.2692"/>
      <trkpt lat="37.42125" lon="-122.268988"/>
      <trkpt lat="37.421357" lon="-122.268801"/>
      <trkpt lat="37.421754" lon="-122.267754"/>
      <trkpt lat="37.421891" lon="-122.267554"/>
      <trkpt lat="37.42198" lon="-122.267484"/>
      <trkpt lat="37.422242" lon="-122.267587"/>
      <trkpt lat="37.423733" lon="-122.268362"/>
      <trkpt lat="37.42398" lon="-122.268441"/>
      <trkpt lat="37.424146" lon="-122.268405"/>
      <trkpt lat="37.424287" lon="-122.268294"/>
      <trkpt lat="37.424921" lon="-122.267562"/>
      <trkpt lat="37.425688" lon="-122.266863"/>
      <trkpt lat="37.42588" lon="-122.26661"/>
      <trkpt lat="37.426033" lon="-122.266262"/>
      <trkpt lat="37.42646" lon="-122.264908"/>
      <trkpt lat="37.428307" lon="-122.258709"/>
      <trkpt lat="37.429633" lon="-122.254308"/>
      <trkpt lat="37.429625" lon="-122.253957"/>
      <trkpt lat="37.429561" lon="-122.253669"/>
      <trkpt lat="37.429241" lon="-122.252859"/>
      <trkpt lat="37.429176" lon="-122.252545"/>
      <trkpt lat="37.429174" lon="-122.252037"/>
      <trkpt lat="37.429209" lon="-122.250838"/>
      <trkpt lat="37.429285" lon="-122.250119"/>
      <trkpt lat="37.429417" lon="-122.249498"/>
      <trkpt lat="37.429466" lon="-122.249348"/>
      <trkpt lat="37.429888" lon="-122.248529"/>
      <trkpt lat="37.430047" lon="-122.248306"/>
      <trkpt lat="37.431575" lon="-122.24645"/>
      <trkpt lat="37.431863" lon="-122.246189"/>
      <trkpt lat="37.43215" lon="-122.246022"/>
      <trkpt lat="37.433923" lon="-122.245333"/>
      <trkpt lat="37.434205" lon="-122.245149"/>
      <trkpt lat="37.434439" lon="-122.244922"/>
      <trkpt lat="37.434658" lon="-122.244556"/>
      <trkpt lat="37.435791" lon="-122.242137"/>
      <trkpt lat="37.436125" lon="-122.241574"/>
      <trkpt lat="37.436408" lon="-122.24124"/>
      <trkpt lat="37.436486" lon="-122.241164"/>
      <trkpt lat="37.436687" lon="-122.241078"/>
      <trkpt lat="37.43705" lon="-122.240828"/>
      <trkpt lat="37.437125" lon="-122.240785"/>
      <trkpt lat="37.437193" lon="-122.24066"/>
      <trkpt lat="37.438311" lon="-122.240116"/>
      <trkpt lat="37.4388" lon="-122.239792"/>
      <trkpt lat="37.439156" lon="-122.239491"/>
      <trkpt lat="37.439541" lon="-122.23911"/>
      <trkpt lat="37.439924" lon="-122.238631"/>
      <trkpt lat="37.440281" lon="-122.238075"/>
      <trkpt lat="37.440707" lon="-122.23726"/>
      <trkpt lat="37.440957" lon="-122.236891"/>
      <trkpt lat="37.441276" lon="-122.23655"/>
      <trkpt lat="37.441558" lon="-122.236329"/>
      <trkpt lat="37.443672" lon="-122.234908"/>
      <trkpt lat="37.446769" lon="-122.232837"/>
      <trkpt lat="37.4476" lon="-122.232232"/>
      <trkpt lat="37.448716" lon="-122.231497"/>
      <trkpt lat="37.448962" lon="-122.23183"/>
      <trkpt lat="37.450378" lon="-122.233803"/>
      <trkpt lat="37.450539" lon="-122.233986"/>
      <trkpt lat="37.450816" lon="-122.234174"/>
      <trkpt lat="37.451047" lon="-122.234263"/>
      <trkpt lat="37.451626" lon="-122.23438"/>
      <trkpt lat="37.451948" lon="-122.234535"/>
      <trkpt lat="37.452132" lon="-122.234693"/>
      <trkpt lat="37.45222" lon="-122.234775"/>
      <trkpt lat="37.452436" lon="-122.235093"/>
      <trkpt lat="37.452593" lon="-122.235471"/>
      <trkpt lat="37.452729" lon="-122.235804"/>
      <trkpt lat="37.452927" lon="-122.236104"/>
      <trkpt lat="37.453869" lon="-122.237389"/>
      <trkpt lat="37.453925" lon="-122.237447"/>
      <trkpt lat="37.45395" lon="-122.237551"/>
      <trkpt lat="37.456527" lon="-122.240388"/>
      <trkpt lat="37.456727" lon="-122.240544"/>
      <trkpt lat="37.456978" lon="-122.24066"/>
      <trkpt lat="37.457127" lon="-122.240701"/>
      <trkpt lat="37.457527" lon="-122.24072"/>
      <trkpt lat="37.458332" lon="-122.240733"/>
      <trkpt lat="37.458752" lon="-122.240811"/>
      <trkpt lat="37.459177" lon="-122.240979"/>
      <trkpt lat="37.459517" lon="-122.241182"/>
      <trkpt lat="37.459748" lon="-122.241351"/>
      <trkpt lat="37.460089" lon="-122.241682"/>
      <trkpt lat="37.461886" lon="-122.243661"/>
      <trkpt lat="37.462184" lon="-122.244098"/>
      <trkpt lat="37.462628" lon="-122.244891"/>
      <trkpt lat="37.462821" lon="-122.245144"/>
      <trkpt lat="37.463111" lon="-122.24545"/>
      <trkpt lat="37.463611" lon="-122.245771"/>
      <trkpt lat="37.463984" lon="-122.24593"/>
      <trkpt lat="37.464355" lon="-122.246017"/>
      <trkpt lat="37.464895" lon="-122.246063"/>
      <trkpt lat="37.465113" lon="-122.246011"/>
      <trkpt lat="37.465278" lon="-122.245945"/>
      <trkpt lat="37.465687" lon="-122.245669"/>
      <trkpt lat="37.465847" lon="-122.245617"/>
      <trkpt lat="37.466042" lon="-122.245612"/>
      <trkpt lat="37.467972" lon="-122.246141"/>
      <trkpt lat="37.469794" lon="-122.247182"/>
      <trkpt lat="37.469926" lon="-122.247289"/>
      <trkpt lat="37.472365" lon="-122.250343"/>
      <trkpt lat="37.472618" lon="-122.250482"/>
      <trkpt lat="37.473418" lon="-122.250736"/>
      <trkpt lat="37.473789" lon="-122.250793"/>
      <trkpt lat="37.474231" lon="-122.250775"/>
      <trkpt lat="37.474462" lon="-122.250822"/>
      <trkpt lat="37.474656" lon="-122.250924"/>
      <trkpt lat="37.474999" lon="-122.251296"/>
      <trkpt lat="37.475105" lon="-122.251298"/>
      <trkpt lat="37.475232" lon="-122.251186"/>
      <trkpt lat="37.475599" lon="-122.250745"/>
      <trkpt lat="37.476259" lon="-122.249902"/>
      <trkpt lat="37.477242" lon="-122.248655"/>
      <trkpt lat="37.477552" lon="-122.248345"/>
      <trkpt lat="37.477749" lon="-122.248055"/>
      <trkpt lat="37.477923" lon="-122.247789"/>
      <trkpt lat="37.47919" lon="-122.246154"/>
      <trkpt lat="37.486078" lon="-122.237455"/>
      <trkpt lat="37.485635" lon="-122.237256"/>
      <trkpt lat="37.485394" lon="-122.237188"/>
      <trkpt lat="37.485254" lon="-122.237095"/>
      <trkpt lat="37.485024" lon="-122.236867"/>
    </trkseg>
  </trk>
</gpx>
